     1                                  ;This is the disk formatting utility for SCP/DOS 1.0
     2                                  ;Uses the undocumented LBA based Generic IO interface
     3                                  
     4                                  ;Supports exactly one command line argument, the drive letter.
     5                                  ;Invoked as so: FORMAT x: where the colon is necessary.
     6                                  
     7                                  ;>>> 7 Steps to Disk Domination <<<
     8                                  ;1) Format begins by turning the drive offline by cleaning the 
     9                                  ;    cdsValidDrive bit in the device CDS. 
    10                                  ;2) Format begins by ascertaining how large the volume/device is.
    11                                  ;    -If the device is removable, format will get the device parameters to 
    12                                  ;      ascertain the size of the volume.
    13                                  ;    -If the device fixed, format will use the VBR to ascertain the size of the 
    14                                  ;      volume and gets device parameters to get the sector size.
    15                                  ;3) Format will then choose which FAT to use and build the BPB accordingly
    16                                  ;    and write it to disk.
    17                                  ;4) Format will then rebuild the disk DPB from the new BPB.
    18                                  ;5) Format will then create two fresh FAT tables.
    19                                  ;6) Format will then clean the root directory (FAT12/16) or allocate a 
    20                                  ;    cluster and sanitise it (FAT32)
    21                                  ;7) Finally, format re-enables cdsValidDrive and exits.
    22                                  
    23                                  ;If a ^C is invoked during the format procedure, we prompt the user 
    24                                  ; for the "are you sure you wish to abandon the format" and that "this may
    25                                  ; result in an unusable volume that will need reformatting" message.
    26                                  ;If they respond with Y, we re-enable the CDS and return to DOS to exit.
    27                                  
    28                                  ;Note Format does not format the full medium and uses Int 25h to read 
    29                                  ; sectors from the old format and Int 26h to write new sectors to the 
    30                                  ; volume. 
    31                                  ;Format also doesnt depend on any old BPB's or anything like so.
    32                                  ;Any old FAT (or other FS) data structures are considered nukable.
    33                                  
    34                                  ;Command semantics
    35                                  ;FORMAT drive: [/V:[LABEL]] [/Q] [/F:size] [/S] [/C] 
    36                                  ;; or
    37                                  ;;FORMAT drive: [/V:[LABEL]] [/Q] [/T:tracks /N:sectors] [/S] [/C] 
    38                                  ;
    39                                  ; CURRENTLY, WE DO NOT SUPPORT {/T /N} FORMATTING!!
    40                                  
    41                                  [map all ./lst/format.map]
    42                                  [DEFAULT REL]
    43                                  BITS 64
    44                                  %include "./inc/dosMacro.mac"
     1                              <1> 
     2                              <1> ;-------------------------------------------------------------------------------
     3                              <1> ;Generic Macros file
     4                              <1> ;The following instruction extensions allow to conditionally return
     5                              <1> ;The idea was borrowed from the DOS Source Code
     6                              <1> ;
     7                              <1> ;-------------------------------------------------------------------------------
     8                              <1> 
     9                              <1> ;-------------------------------------------------------------------------------
    10                              <1> ;These macros are live and must not be touched
    11                              <1> ;-------------------------------------------------------------------------------
    12                              <1> %macro return 0
    13                              <1> %%_ret:
    14                              <1>     ret
    15                              <1> %assign retOff %%_ret-$$  ;Get offset into segment of %%_ret
    16                              <1> %endmacro
    17                              <1> 
    18                              <1> %macro cret 1
    19                              <1> %%_base:
    20                              <1> %assign baseVar %%_base-$$ ;Get offset into segment of %%_base
    21                              <1>     %ifdef retOff
    22                              <1>     %if (baseVar - retOff <= 126) && (baseVar > retOff)
    23                              <1>     %ifdef currSegVBase
    24                              <1>     j%+1 short (retOff+currSegVBase)
    25                              <1>     %else
    26                              <1>     j%+1 short retOff
    27                              <1>     %endif  ;End ifdef currSegVBase
    28                              <1>     %else 
    29                              <1>     j%-1 short %%a
    30                              <1>     return
    31                              <1> %%a:
    32                              <1>     %endif  ;End the distance measurement if
    33                              <1>     %else   
    34                              <1>     j%-1 short %%a
    35                              <1>     return
    36                              <1> %%a:
    37                              <1>     %endif  ;End ifdef retoff
    38                              <1> %endmacro
    39                              <1> 
    40                              <1> %macro retz 0
    41                              <1> cret z
    42                              <1> %endmacro
    43                              <1> 
    44                              <1> %macro retnz 0
    45                              <1> cret nz
    46                              <1> %endmacro
    47                              <1> 
    48                              <1> %macro rete 0
    49                              <1> cret e
    50                              <1> %endmacro
    51                              <1> 
    52                              <1> %macro retne 0
    53                              <1> cret ne
    54                              <1> %endmacro
    55                              <1> 
    56                              <1> %macro retc 0
    57                              <1> cret c
    58                              <1> %endmacro
    59                              <1> 
    60                              <1> %macro retnc 0
    61                              <1> cret nc
    62                              <1> %endmacro
    63                              <1> 
    64                              <1> %macro retb 0
    65                              <1> cret b
    66                              <1> %endmacro
    67                              <1> 
    68                              <1> %macro retnb 0
    69                              <1> cret nb
    70                              <1> %endmacro
    71                              <1> 
    72                              <1> %macro reta 0
    73                              <1> cret a
    74                              <1> %endmacro
    75                              <1> 
    76                              <1> %macro retna 0
    77                              <1> cret na
    78                              <1> %endmacro
    79                              <1> 
    80                              <1> %macro breakpoint 0
    81                              <1> xchg bx, bx
    82                              <1> %endmacro
    45                                  %include "./inc/dosStruc.inc"
     1                              <1> 
     2                              <1> ;-------------------------------------------------------;
     3                              <1> ; This include file contains miscellaneous internal     ;
     4                              <1> ; SCP/DOS structures.                                   ;
     5                              <1> ;-------------------------------------------------------;
     6                              <1> 
     7                              <1> ;------------------------------------------------------------------------;
     8                              <1> ; Each mass storage device up to LASTDRIVE gets a DPB, describing 
     9                              <1> ; its file system structure. This is used to locate files and structures
    10                              <1> ; on the device itself and to translate file requests to cluster chains
    11                              <1> ; to LBAs to pass to the disk driver..
    12                              <1> ; The DPBs form a linked list, with each DPB formed after the devices 
    13                              <1> ; drivers Initialise routine has been called.
    14                              <1> ;------------------------------------------------------------------------;
    15                              <1> struc dpb        ;Drive Parameter Block
    16                              <1> 
    17 00000000 ??                  <1>     .bDriveNumber           db ?  ;Drive number (0=A, 1=B ...)
    18 00000001 ??                  <1>     .bUnitNumber            db ?  ;Unit number in device
    19 00000002 ????                <1>     .wBytesPerSector        dw ?  ;min 512, max 4096
    20 00000004 ??                  <1>     .bMaxSectorInCluster    db ?  ;(Maximum sector in cluster) - 1
    21 00000005 ??                  <1>     .bSecPerClustShift      db ?  ;Sectors per cluster exponent
    22 00000006 ????                <1>     .wFAToffset             dw ?  ;Number of reserved sectors in partition
    23 00000008 ??                  <1>     .bNumberOfFATs          db ?  ;Number of FATs
    24 00000009 ????                <1>     .wNumberRootDirEntries  dw ?  ;In 32 byte units, this is 0 for FAT32
    25 0000000B ????????            <1>     .dClusterHeapOffset     dd ?  ;Start sector of data area
    26 0000000F ????????            <1>     .dMaxClusterAddr        dd ?  ;Max Cluster Addr = # of data clusters + 1
    27 00000013 ????????            <1>     .dFATlength             dd ?  ;FAT length, in sectors
    28 00000017 ????????            <1>     .dFirstUnitOfRootDir    dd ?  
    29                              <1>     ;Unit=Sector/Cluster of Root Directory (FAT12/16 = Sector, FAT32 = Cluster)
    30 0000001B ????????????????    <1>     .qDriverHeaderPtr       dq ?  ;Pointer to device driver header
    31 00000023 ??                  <1>     .bMediaDescriptor       db ?  ;Media descriptor
    32 00000024 ??                  <1>     .bAccessFlag            db ?  ;Access Flag (0 if accessed, else -1)
    33 00000025 ????????????????    <1>     .qNextDPBPtr            dq ?  ;Pointer to next DPB, -1 if at end
    34 0000002D ????????            <1>     .dNextFreeClst          dd ?  ;Starting cluster of free space search
    35 00000031 ????????            <1>     .dFreeClustCnt          dd ?  ;Number of free clusters, -1 unknown
    36                              <1> 
    37                              <1> endstruc
    38                              <1> 
    39                              <1> fat12MaxClustCnt    equ 4085    ;Cluster count less than this is FAT12
    40                              <1> fat16MaxClustCnt    equ 65525   ;Cluster count less than this is FAT16
    41                              <1> ;------------------------------------------------------------------------;
    42                              <1> ; Each mass storage device up to LASTDRIVE has a CDS associated with it.
    43                              <1> ; All disk pathing requests go via the CDS for that drive.
    44                              <1> ; The default drive is the last accessed drive, this number is stored
    45                              <1> ; in the DOS data area.
    46                              <1> ; The CDS is stored as an array with the offset into the array being 
    47                              <1> ; given by the drive letter's offset into the alphabet (with A=0).
    48                              <1> ;
    49                              <1> ; DEFAULT LASTDRIVE=E, MINIMUM LASTDRIVE=B
    50                              <1> ;------------------------------------------------------------------------;
    51                              <1> struc cds       ;Current Directory structure
    52 00000000 <res 43h>           <1>     .sCurrentPath        db 67 dup (?)    ;Current Directory Path String
    53 00000043 ????                <1>     .wFlags              dw ?   ;CDS Flags - 
    54 00000045 ????????????????    <1>     .qDPBPtr             dq ?   ;Ptr to the DPB of the dev using this CDS
    55 0000004D ????????            <1>     .dStartCluster       dd ?   ;Starting cluster of the directory on disk
    56 00000051 ????????????????    <1>     .qIFSPtr             dq ?   ;Reserved for IFS driver expansions
    57 00000059 ????????            <1>     .dNetStore           dd ?   ;For storing a owner dword for IFS (21h/5F03h)
    58 0000005D ????                <1>     .wBackslashOffset    dw ?   ;How many chars to skip for getting the path
    59                              <1> ; currentPath (usually 2 to skip C: in C:\, but when SUBSTing a drive letter to 
    60                              <1> ; another, we save the number of chars to skip to that deep level).
    61                              <1> ; I.E. if we SUBST A:\DOS G: then this value for the CDS for drive G is 6
    62                              <1> ; Only affects for SUBST drives, not JOIN
    63                              <1> ; Flags: Bit 15 set = Network drive
    64                              <1> ;        Bit 14 set = Physical drive
    65                              <1> ;        Bit 13 set = JOIN'ed drive
    66                              <1> ;        Bit 12 set = SUBST'ed drive
    67                              <1> ;        Bit 7  set = Redirected, not net. drive (This is how MSCDEX worked)
    68                              <1> endstruc
    69                              <1> ;CDS equates
    70                              <1> cdsRedirDrive   equ 8000h   ;All drives which use the Redirector interface
    71                              <1> cdsValidDrive   equ 4000h   ;CDS valid
    72                              <1> cdsJoinDrive    equ 2000h   ;CDS for joined drives
    73                              <1> cdsSubstDrive   equ 1000h   ;Drives formed by Subst
    74                              <1> cdsRdirLocDrive equ 0080h   ;Redirector but Local
    75                              <1> ;------------------------------------------------------------------------;
    76                              <1> ; The SFT is a way to allow applications to open file handles to files 
    77                              <1> ; and devices. As things stand, the SFT chain will have 5 file handles
    78                              <1> ; under the first header, and then a second header will be linked to the 
    79                              <1> ; first one after CONFIG.SYS has been read, to allow for FILES= to specify
    80                              <1> ; a size for the second SFT (default 10 files). Same for System FCBs, 
    81                              <1> ; using the FCBS= command. Default FCBS=5.
    82                              <1> ;
    83                              <1> ; A file handle describes the file, and the location within the file that
    84                              <1> ; we are reading. The file handle can be manipulated without the file
    85                              <1> ; being in memory, thus allowing the user to access data without needing 
    86                              <1> ; to take up large portions of memory. Similarly, file handles allow for
    87                              <1> ; accessing devices, by treating them as files with their drivers 
    88                              <1> ; responding and translating the manipulations of the file handle itself.
    89                              <1> ; Neither the driver nor the application should see or use the SFT for
    90                              <1> ; the handle, as it is subject to change (and will change when file 
    91                              <1> ; sharing provisions are included). The DOS will make requests to the 
    92                              <1> ; driver in a generic way and the driver will respond, with DOS keeping
    93                              <1> ; track of the information in the SFT entry for that handle. 
    94                              <1> ;
    95                              <1> ; One SFT entry can have multiple handles and multiple SFT entries
    96                              <1> ; can point to the same file. It all depends on what the applications 
    97                              <1> ; want to do with the File.
    98                              <1> ;
    99                              <1> ; !!!!IMPORTANT!!!!
   100                              <1> ; Currently there are plans for File Sharing, but I include minimal 
   101                              <1> ; provisions for it. I really just wanna get a DOS out the door.
   102                              <1> ;
   103                              <1> ;Each SFT may look like this:
   104                              <1> ;sysvars-->sfth------------>sfth------------>|ENDOFLIST|
   105                              <1> ;            |                |
   106                              <1> ;       wNumFiles*sft    wNumFiles*sft
   107                              <1> ;
   108                              <1> ; Two SFT chains are built; one for files, and a one for so called 
   109                              <1> ; System FCBs.
   110                              <1> ;
   111                              <1> ; Each SFT header has an array of SFT's below it, with the number of 
   112                              <1> ; SFTs given by wNumFiles. The SFT headers form a linked list.
   113                              <1> ;
   114                              <1> ; DEFAULT FILES=8, MINIMUM FILES=5
   115                              <1> ; DEFAULT FCBS=5,  MINIMUM FCBS=5
   116                              <1> ;------------------------------------------------------------------------;
   117                              <1> struc sfth   ;System file table header
   118                              <1> ; This is the SFT header.
   119                              <1> ; This structure comes before the start of the first file in the array/table.
   120 00000000 ????????????????    <1>     .qNextSFTPtr dq ?    ;Pointer to the next SFT
   121 00000008 ????                <1>     .wNumFiles   dw ?    ;Number of files in this table
   122                              <1> endstruc
   123                              <1> 
   124                              <1> struc sft
   125                              <1> ;This is the file struc itself
   126 00000000 ????                <1>     .wNumHandles dw ?    ;Number of handles pointing to this file
   127 00000002 ????                <1>     .wOpenMode   dw ?    ;File access permissions and behvaiours
   128 00000004 ??                  <1>     .bFileAttrib db ?    ;Regular File Attributes
   129 00000005 ????                <1>     .wDeviceInfo dw ?    ;Includes unit number if a block device
   130 00000007 ????????????????    <1>     .qPtr        dq ?    ;IF char, ptr to device driver header, ELSE DPBptr
   131 0000000F ????????            <1>     .dStartClust dd ?    ;Start cluster of file pointed to by SFT entry
   132 00000013 ????                <1>     .wTime       dw ?    ;File Time, updated on open and writes
   133 00000015 ????                <1>     .wDate       dw ?    ;File Date, updated on open and writes
   134 00000017 ????????            <1>     .dFileSize   dd ?    ;File Size, in bytes
   135 0000001B ????????            <1>     .dCurntOff   dd ?    ;Current Offset pointed to by SFT entry, in bytes
   136 0000001F ????????            <1>     .dRelClust   dd ?    ;Rel cluster pointed to by SFT entry
   137 00000023 ????????            <1>     .dAbsClusr   dd ?    ;Absolute cluster pointed to by SFT entry
   138 00000027 ????????????????    <1>     .qDirSect    dq ?    ;Abs number of sector containing directory entry 
   139 0000002F ??                  <1>     .bNumDirEnt  db ?    ;Directory entry within dir sector (byte offset/32)
   140 00000030 <res Bh>            <1>     .sFileName   db 11 dup (?)   ;8.3 Filename
   141 0000003B ????????????????    <1>     .qSharePtr   dq ?    ;SHARE pointer to previous SFT sharing same file
   142 00000043 ????                <1>     .wMachNum    dw ?    ;SHARE number of network machine opening file
   143 00000045 ????????????????    <1>     .qPSPOwner   dq ?    ;Addr of PSP of program which first opened this file
   144 0000004D ????                <1>     .wShareRec   dw ?    ;offset within SHARE code segment of sharing record
   145                              <1> ;                           0 means no record
   146                              <1> endstruc
   147                              <1> ;Open Mode equates
   148                              <1> ;Access modes   Bits[2:0]
   149                              <1> ReadAccess      equ 0h
   150                              <1> WriteAccess     equ 1h
   151                              <1> RWAccess        equ 2h
   152                              <1> ;Bit 3 reserved 0
   153                              <1> ;Sharing modes  Bits[6:4]
   154                              <1> CompatShare     equ 0h
   155                              <1> denyRWShare     equ 10h
   156                              <1> denyWriteShare  equ 20h
   157                              <1> denyReadShare   equ 30h
   158                              <1> denyNoneShare   equ 40h
   159                              <1> ;NetFCB is for files open by a local server, handling IO from a remote
   160                              <1> ; client by proxy opened by an FCB! Sets the Net bit to indicate this. 
   161                              <1> ;Thus, this is a handle with no JFT entry! Server handles its own JFT!
   162                              <1> netFCBShare     equ 70h     
   163                              <1> noInherit       equ 80h
   164                              <1> ;Bits 8-12 reserved 0
   165                              <1> ;Fancy open mode bits
   166                              <1> diskFullFail    equ 2000h   ;Reserved: If set, trigger Int 24h on disk full.
   167                              <1> noBufferWrites  equ 4000h   ;Reserved: If set, flush after each buffer write.
   168                              <1> ;Once share is loaded, if a local FCB open occurs, mark the sft as so.
   169                              <1> FCBopenedFile   equ 8000h   ;If set, file is opened by FCB, else handle based.
   170                              <1> 
   171                              <1> ;Attribute Byte
   172                              <1> readOnlyFile    equ 1h
   173                              <1> hiddenFile      equ 2h
   174                              <1> systemFile      equ 4h
   175                              <1> volLabelFile    equ 8h
   176                              <1> directoryFile   equ 10h ;Directory entry
   177                              <1> archiveFile     equ 20h
   178                              <1> charFile        equ 40h ;Reserved, never found in dir
   179                              <1> ;Device Info equates
   180                              <1> ;For a block device, bits [5:0] contain the drive number
   181                              <1> charDevConIn    equ 1h  ;If set, device is CON input
   182                              <1> charDevConOut   equ 2h  ;If set, device is CON output
   183                              <1> charDevNulDev   equ 4h  ;If set, device is NULL device
   184                              <1> charDevClockDev equ 8h  ;If set, device is CLOCK device
   185                              <1> charDevFastOut  equ 10h ;If set, device supports INT 29h
   186                              <1> charDevBinary   equ 20h ;If set, r/w char device in Binary mode!!!
   187                              <1> charDevNoEOF    equ 40h ;If set, no EOF when reading from device!!
   188                              <1> blokFileNoFlush equ 40h ;Set if file is synchronised with hard store!
   189                              <1> devCharDev      equ 80h ;If set, it is a char device!
   190                              <1> charDevNetSpool equ 800h    ;If set, device is a network spooler
   191                              <1> devNoInherit    equ 1000h   ;If set, handle not inherited by child processes
   192                              <1> charDevNamePipe equ 2000h   ;If set, device is a named pipe
   193                              <1> blokNoDTonClose equ 4000h   ;If set, dont update date and time when closing
   194                              <1> devRedirDev     equ 8000h   ;If set, dev/file is redirected!
   195                              <1>  
   196                              <1> ;------------------------------------------------------------------------;
   197                              <1> ; Buffers allow for buffered drive IO, by first transferring a sector 
   198                              <1> ; to an internal buffer, and then copying it to the specified location
   199                              <1> ; in memory. The buffer is kept in the buffer chain,  in the event that 
   200                              <1> ; another request for the same sector from the same device is made, so 
   201                              <1> ; that is can be read from the device directly. Buffers are uniform in 
   202                              <1> ; size, selected according to the largest detected sector size during 
   203                              <1> ; the initial loadup.
   204                              <1> ;
   205                              <1> ; The buffer pointer in SysVars points to most recently used Buffer
   206                              <1> ;
   207                              <1> ; DEFAULT BUFFERS=30, MINIMUM BUFFERS=2
   208                              <1> ;------------------------------------------------------------------------;
   209                              <1> 
   210                              <1> struc bufferHdr
   211 00000000 ????????????????    <1>     .nextBufPtr  dq  ?   ;Pointer to the next buffer in the chain or -1 at end
   212                              <1>     .wDrvNumFlg:         ;Read as a word to get the following two bytes!
   213 00000008 ??                  <1>     .driveNumber db  ?   ;Drive number the buffer is used for (or -1 for free)
   214 00000009 ??                  <1>     .bufferFlags db  ?   ;Standard Flags
   215 0000000A ????????????????    <1>     .bufferLBA   dq  ?   ;LBA the buffer contains
   216 00000012 ??                  <1>     .bufFATcopy  db  ?   ;Number of copies of the FAT to write (1 if non-FAT)
   217 00000013 ????????            <1>     .bufFATsize  dd  ?   ;Number of sectors per FAT (or 0 if non-FAT)
   218 00000017 ????????????????    <1>     .driveDPBPtr dq  ?   ;Pointer to the device DPB block
   219 0000001F ??                  <1>     .reserved    db  ?   ;Alignment byte
   220                              <1>     .dataarea:             ;Points to the start of the data area
   221                              <1> endstruc
   222                              <1> ;Buffer Flag equates
   223                              <1> dosBuffer   equ 1h  ;Sector 0 (BPB/VPB) in buffer
   224                              <1> fatBuffer   equ 2h  ;FAT sector in buffer
   225                              <1> dirBuffer   equ 4h  ;Directory sector in buffer
   226                              <1> dataBuffer  equ 8h  ;File Data sector in buffer
   227                              <1> refBuffer   equ 20h ;Data in buffer has been referenced by an application
   228                              <1> dirtyBuffer equ 40h ;Data in buffer modified by an application
   229                              <1> freeBuffer  equ 00FFh   ;A word which goes into the drive number to clear both fields
   230                              <1> ;Note! A buffer is marked as referenced when the buffer is "obtained" by a syscall
   231                              <1> ;------------------------------------------------------------------------;
   232                              <1> ; Memory control block for each memory arena
   233                              <1> ;------------------------------------------------------------------------;
   234                              <1> struc mcb
   235 00000000 ??                  <1>     .marker     db ?  ;M = Member of the MCB chain. Z = Last member
   236 00000001 ????????????????    <1>     .owner      dq ?  ;Owning application PSP (para aligned) or 0 for free
   237 00000009 ????????            <1>     .blockSize  dd ?  ;Number of contiguous paragraphs owned by this block
   238                              <1>     ;The following byte is reserved outside of sysinit
   239 0000000D ??                  <1>     .subSysMark db ?  ;Marks the optional DOS subsystem of the MCB
   240 0000000E ????                <1>     .reserved   db 2 dup (?) 
   241                              <1>     .program:
   242                              <1> endstruc
   243                              <1> ;MCB equates
   244                              <1> mcbOwnerHole    equ 7   ;Owner = 7 => Memory hole, always fail free/realloc
   245                              <1> mcbOwnerFree    equ 0   ;Owner = 0 => Free and available space
   246                              <1> mcbOwnerDOS     equ 8   ;Owner = 8 => Owned by DOS
   247                              <1> mcbOwnerNewDOS  equ 9   ;Owner = 9 => New Kernel driver alloc. Needs setting to 8.
   248                              <1> mcbMarkCtn      equ "M"
   249                              <1> mcbMarkEnd      equ "Z"
   250                              <1> ;The following are used on MCB's that belong to DOS, that are not part of the
   251                              <1> ; main kernel (i.e. the CONFIG.SYS optional parts).
   252                              <1> mcbSubDriver    equ "D" ;Any memory allocated for a device driver's code.
   253                              <1> mcbSubDrvExtra  equ "L" ;Any memory allocated by a device driver.
   254                              <1> mcbSubDrvDPB    equ "P" ;Blocks used for DPB's are marked so.
   255                              <1> mcbSubIFS       equ "I" ;Unused for now
   256                              <1> mcbSubFiles     equ "F" ;Any memory allocated for Files.
   257                              <1> mcbSubFCBS      equ "X" ;Unused for now
   258                              <1> mcbSubBuffers   equ "B" ;Any memory allocated for Buffers.
   259                              <1> mcbSubCDS       equ "L" ;Any memory allocated to store a CDS.
   260                              <1> mcbSubStacks    equ "S" ;Unused for now
   261                              <1> 
   262                              <1> 
   263                              <1> memFirstFit     equ 0   ;First free block goes to application
   264                              <1> memBestFit      equ 1   ;Block whos size closest matches requirement
   265                              <1> memLastFit      equ 2   ;Last free block goes to application
   266                              <1> 
   267                              <1> ;Owner = Para aligned address => Owning application PSP
   268                              <1> ;...To consider...
   269                              <1> ;Owner = Non-para aligned address => Error? Should maybe lock up system?
   270                              <1> ;blockSize counts the number of paragraphs FROM .program TO THE NEXT MCB!
   271                              <1> ;------------------------------------------------------------------------;
   272                              <1> ; For Int 21h, the callers registers are saved on their stack in the 
   273                              <1> ; following order, thus allowing for return values to be placed in the 
   274                              <1> ; registers by accessing the caller register stack frame.
   275                              <1> ;------------------------------------------------------------------------;
   276                              <1> struc callerFrame
   277 00000000 ????????????????    <1>     .rax    dq ?  ;Bottom of frame, pointer to rax saved in oldRSP
   278 00000008 ????????????????    <1>     .rbx    dq ?    
   279 00000010 ????????????????    <1>     .rcx    dq ?
   280 00000018 ????????????????    <1>     .rdx    dq ?
   281 00000020 ????????????????    <1>     .rsi    dq ?
   282 00000028 ????????????????    <1>     .rdi    dq ?
   283 00000030 ????????????????    <1>     .rbp    dq ?
   284 00000038 ????????????????    <1>     .r8     dq ?  ;To be removed if truly not needed
   285 00000040 ????????????????    <1>     .r9     dq ?
   286                              <1> ;Pushed by Processor when invoked via Interrupt
   287 00000048 ????????????????    <1>     .rip    dq ?
   288 00000050 ????????????????    <1>     .cs     dq ?
   289 00000058 ????????????????    <1>     .flags  dq ?
   290                              <1> endstruc
   291                              <1> 
   292                              <1> struc dpl
   293                              <1> ;DOS parameter list, pointer to this stack is passed to DOS in rdx on
   294                              <1> ; server calls
   295 00000000 ????????????????    <1>     .rax    dq ?
   296 00000008 ????????????????    <1>     .rbx    dq ?
   297 00000010 ????????????????    <1>     .rcx    dq ?
   298 00000018 ????????????????    <1>     .rdx    dq ?
   299 00000020 ????????????????    <1>     .rsi    dq ?
   300 00000028 ????????????????    <1>     .rdi    dq ?
   301 00000030 ????????????????    <1>     .r8     dq ?
   302 00000038 ????????????????    <1>     .r9     dq ?
   303 00000040 ????????????????    <1>     .align  dq ?
   304 00000048 ????????????????    <1>     .compID dq ?  ;Computer id, low word used only
   305 00000050 ????????????????    <1>     .procID dq ?  ;Process ID
   306                              <1> endstruc
   307                              <1> 
   308                              <1> struc cfgFrame  ;Frame used for config.sys parsing
   309 00000000 ????????????????    <1>     .oldRBP         dq ?    ;Ptr to DOSSEG
   310 00000008 ????????????????    <1>     .newBuffers     dq ?    ;New buffers value
   311 00000010 ????????????????    <1>     .newSFTVal      dq ?
   312 00000018 ????????????????    <1>     .newFCBSVal     dq ?
   313 00000020 ????????????????    <1>     .newProtFCBSVal dq ?    ;Number of protected FCBS
   314 00000028 ????????????????    <1>     .newLastdrive   dq ?
   315 00000030 ????????????????    <1>     .newStacks      dq ?    ;Ignored for now
   316 00000038 ????????????????    <1>     .newStackSize   dq ?    ;Ignored for now
   317 00000040 ????????????????    <1>     .cfgHandle      dq ?    ;CONFIG.SYS handle
   318 00000048 ????????????????    <1>     .lastLine       dq ?    ;Set if the last line is current
   319 00000050 ????????????????    <1>     .linePtr        dq ?    ;Ptr to line buffer of line being processed
   320 00000058 ????????????????    <1>     .driverBreak    dq ?    ;Ptr to the pathname terminator 
   321 00000060 ????????????????    <1>     .breakChar      dq ?    ;Char that was replaced by null for terminator
   322                              <1> endstruc
   323                              <1> 
   324                              <1> struc filename
   325                              <1> ;8.3 File name struct
   326 00000000 ????????????????    <1>     .fName  db 8 dup (?)
   327 00000008 ??????              <1>     .fExt   db 3 dup (?)
   328                              <1> endstruc
   329                              <1> 
   330                              <1> struc ffBlock   ;The structure of the Find First structure at the DTA
   331 00000000 ??                  <1>     .driveNum   db ?  ;Drive we are searching on, 1 based number
   332 00000001 <res Bh>            <1>     .template   db 11 dup (?) ;Search template (? meaning anything)
   333 0000000C ??                  <1>     .attrib     db ?  ;Search attribute
   334 0000000D ????????            <1>     .dirOffset  dd ?  ;32 byte entry within dir cluster
   335 00000011 ????????            <1>     .parDirClus dd ?  ;Parent Directory Cluster number
   336 00000015 ??                  <1>     .attribFnd  db ?  ;Attrib of file found
   337 00000016 ????                <1>     .fileTime   dw ?  ;File time
   338 00000018 ????                <1>     .fileDate   dw ?  ;File date
   339 0000001A ????????            <1>     .fileSize   dd ?  ;Number of bytes
   340 0000001E <res Dh>            <1>     .asciizName db 13 dup (?) ;ASCIIZ name with dot and terminating nul
   341                              <1> endstruc
   342                              <1> 
   343                              <1> dfltJFTsize equ 20  ;Default size of PSP JFT
   344                              <1> struc psp
   345 00000000 ????                <1>     .return     db 2 dup (?)  ;Should always be CDh 20h, same place as DOS
   346 00000002 ????????            <1>     .allocSize  dd ?  ;Number of paras in init alloc or when exiting as TSR.
   347 00000006 ????????            <1>                 dd ?  ;Reserved 4 bytes
   348 0000000A ????????????????    <1>     .oldInt22h  dq ?  ;Int 22h pointer on overlay load
   349 00000012 ????????????????    <1>     .oldInt23h  dq ?  ;Int 23h pointer on overlay load
   350 0000001A ????????????????    <1>     .oldInt24h  dq ?  ;Int 24h pointer on overlay load
   351 00000022 ????????????????    <1>     .parentPtr  dq ?  ;Pointer to parent process PSP
   352                              <1> ;If jftSize > 20, then the QWORD at .jobFileTbl becomes a pointer
   353                              <1> ; to the actual in use JFT and the other 12 bytes are left undefined.
   354                              <1> ;If jftSize < 20 (DOS will never set it so), then it is considered as 20
   355                              <1> ;If the user tries to reduce handle count to 20 or less, then the PSP JFT is 
   356                              <1> ; always used and jftSize.
   357                              <1>     .externalJFTPtr:    ;Ptr to external JFT array (first byte AFTER MCB)
   358 0000002A <res 14h>           <1>     .jobFileTbl db dfltJFTsize dup (?) ;Main File handle array, JFT
   359 0000003E ????????????????    <1>     .envPtr     dq ?  ;Pointer to the environment
   360 00000046 ????????????????    <1>     .rspPtr     dq ?  ;Pointer to rsp on entry to Int 21h
   361 0000004E ????                <1>     .jftSize    dw ?  ;JFT array size, 20 => PSP JFT in use
   362 00000050 ??????              <1>     .unixEntry  db 3 dup (?)  ;Must always be CDh 21h CBh, same place as DOS
   363 00000053 ????????????????    <1>     .prevPSP    dq ?  ;Pointer to the previous PSP in chain (used by SHARE)
   364 0000005B ??                  <1>                 db ?  ;Reserved byte
   365                              <1> ;The below are in the same place as in DOS.
   366                              <1>     .cmdLineArgPtr: ;Symbol for future use
   367 0000005C <res 10h>           <1>     .fcb1       db 16 dup (?)  ;First FCB,    argument 1 
   368 0000006C <res 14h>           <1>     .fcb2       db 20 dup (?)  ;Second FCB,   argument 2
   369                              <1>     .dta:   ;Pointer to the default DTA in the PSP
   370 00000080 ??                  <1>     .parmList   db ?   ;Number of characters in command tail
   371 00000081 <res 7Fh>           <1>     .progTail   db 127 dup (?) ;Default DTA/Program tail
   372                              <1> endstruc
   373                              <1> 
   374                              <1> struc clkStruc
   375 00000000 ????                <1>     .dateWord   dw ?
   376 00000002 ??                  <1>     .minutes    db ?
   377 00000003 ??                  <1>     .hours      db ?
   378 00000004 ??                  <1>     .hseconds   db ?  ;Hundreths of seconds
   379 00000005 ??                  <1>     .seconds    db ?
   380                              <1> endstruc
   381                              <1> 
   382                              <1> 
   383                              <1> struc extCtryStruc
   384 00000000 ??                  <1>     .infoIDCode db ?    ;Information ID code (01h)
   385 00000001 ????                <1>     .strucSize  dw ?    ;Length of the structure  (42 or less)
   386 00000003 ????                <1>     .ctryID     dw ?    ;Country ID number
   387 00000005 ????                <1>     .cpNumber   dw ?    ;Code page number
   388 00000007 ????                <1>     .dtfmt      dw ?    ;Date time format (2 bytes)
   389                              <1>                         ;0 = month day year hh:mm:ss
   390                              <1>                         ;1 = day month year hh:mm:ss
   391                              <1>                         ;2 = year month day hh:mm:ss
   392 00000009 ??????????          <1>     .curr       db 5 dup (?)   ;ASCIIZ Currency symbol (5 chars)
   393 0000000E ????                <1>     .thouSep    db 2 dup (?)   ;ASCIIZ Thousands separator
   394 00000010 ????                <1>     .dcmlSep    db 2 dup (?)   ;ASCIIZ Decimal separator
   395 00000012 ????                <1>     .dateSep    db 2 dup (?)   ;ASCIIZ Date separator
   396 00000014 ????                <1>     .timeSep    db 2 dup (?)   ;ASCIIZ Time separator
   397 00000016 ??                  <1>     .currFmt    db ?    ;Currency Format
   398                              <1>                         ;0 = Symbol leads, without space
   399                              <1>                         ;1 = Symbol follows, without space
   400                              <1>                         ;2 = Symbol leads, one space
   401                              <1>                         ;3 = Symbol follows, one space
   402                              <1>                         ;4 = Symbol replace decimal separator
   403 00000017 ??                  <1>     .digtdpt    db ?    ;Number of digits after the decimal point
   404 00000018 ??                  <1>     .timefmt    db ?    ;Time format, Bit 0 = 0 => 12 hour, = 1 => 24 hour clock
   405 00000019 ????????????????    <1>     .mapptr     db 8 dup (?)  ;Case map address (0 is nulptr), needs fixing up
   406 00000021 ????                <1>     .dataSep    db 2 dup (?)  ;Data list separator
   407 00000023 <res Ah>            <1>     .resv       db 10 dup (?) ;Reserve 10 bytes
   408                              <1> endstruc
   409                              <1> 
   410                              <1> struc countryStruc
   411 00000000 ????                <1>     .dtfmt      dw ?    ;Date time format (2 bytes)
   412                              <1>                         ;0 = month day year hh:mm:ss
   413                              <1>                         ;1 = day month year hh:mm:ss
   414                              <1>                         ;2 = year month day hh:mm:ss
   415 00000002 ??????????          <1>     .curr       db 5 dup (?)   ;ASCIIZ Currency symbol (5 chars)
   416 00000007 ????                <1>     .thouSep    db 2 dup (?)   ;ASCIIZ Thousands separator
   417 00000009 ????                <1>     .dcmlSep    db 2 dup (?)   ;ASCIIZ Decimal separator
   418 0000000B ????                <1>     .dateSep    db 2 dup (?)   ;ASCIIZ Date separator
   419 0000000D ????                <1>     .timeSep    db 2 dup (?)   ;ASCIIZ Time separator
   420 0000000F ??                  <1>     .currFmt    db ?    ;Currency Format
   421                              <1>                         ;0 = Symbol leads, without space
   422                              <1>                         ;1 = Symbol follows, without space
   423                              <1>                         ;2 = Symbol leads, one space
   424                              <1>                         ;3 = Symbol follows, one space
   425                              <1>                         ;4 = Symbol replace decimal separator
   426 00000010 ??                  <1>     .digtdpt    db ?    ;Number of digits after the decimal point
   427 00000011 ??                  <1>     .timefmt    db ?    ;Time format, Bit 0 = 0 => 12 hour, = 1 => 24 hour clock
   428 00000012 ????????????????    <1>     .mapptr     db 8 dup (?)  ;Case map address (0 is nulptr), needs fixing up
   429 0000001A ????                <1>     .dataSep    db 2 dup (?)  ;Data list separator
   430 0000001C <res Ah>            <1>     .resv       db 10 dup (?) ;Reserve 10 bytes
   431                              <1> endstruc
   432                              <1> 
   433                              <1> ;Critical Error AH bitfield equates
   434                              <1> critRead    equ 0h
   435                              <1> critWrite   equ 1h
   436                              <1> critDOS     equ 0h
   437                              <1> critFAT     equ 2h
   438                              <1> critDir     equ 4h
   439                              <1> critData    equ 6h
   440                              <1> critFailOK  equ 8h
   441                              <1> critRetryOK equ 10h
   442                              <1> critIgnorOK equ 20h
   443                              <1> critCharDev equ 80h
   444                              <1> 
   445                              <1> critIgnore  equ 0
   446                              <1> critRetry   equ 1
   447                              <1> critAbort   equ 2
   448                              <1> critFail    equ 3
   449                              <1> 
   450                              <1> ;MISC ASCII control chars
   451                              <1> NUL equ 00h ;^@         | ASCII Null
   452                              <1> ETX equ 03h ;^C         | ASCII Break (End of Text) 
   453                              <1> ACK equ 06h ;^F         | ASCII Acknowledgement
   454                              <1> BEL equ 07h ;^G         | ASCII Bell
   455                              <1> BSP equ 08h ;^H         | ASCII Backspace
   456                              <1> TAB equ 09h ;^I         | ASCII Horizontal Tab
   457                              <1> LF  equ 0Ah ;^J         | ASCII Line Feed
   458                              <1> CR  equ 0Dh ;^M         | ASCII Carriage Return
   459                              <1> DLE equ 10h ;^P         | ASCII Data Link End (Toggle Print Echo)
   460                              <1> DC3 equ 13h ;^S         | ASCII Device Control 3 (Toggle Scroll Lock)
   461                              <1> DC4 equ 14h ;^T         | ASCII Device Control 4
   462                              <1> NAK equ 15h ;^U         | ASCII Negative Acknowledgement
   463                              <1> ETB equ 17h ;^W         | ASCII End of Transmission Block
   464                              <1> EOF equ 1Ah ;^Z         | ASCII Substitute character (End of File)
   465                              <1> ESC equ 1Bh ;           | ASCII Escape char, used for ANSI.SYS
   466                              <1> SPC equ 20h ;Printable  | ASCII Space
   467                              <1> ;This last one is NEVER printed with a caret as it is a console control char
   468                              <1> DEL equ 7Fh ;^?         | ASCII Rubout (Del char and dec cursor)
   469                              <1> 
   470                              <1> asciiCaret  equ 20h ;Used to check which chars need to be printed with caret
   471                              <1> ;Extended Ascii Codes
   472                              <1> eF1     equ 3Bh ;F1 second byte
   473                              <1> eF2     equ 3Ch ;F2 second byte
   474                              <1> eF3     equ 3Dh ;F3 second byte
   475                              <1> eF4     equ 3Eh ;F4 second byte
   476                              <1> eF5     equ 3Fh ;F5 second byte
   477                              <1> eF6     equ 40h ;F6 second byte
   478                              <1> eF7     equ 41h ;F7 second byte
   479                              <1> eCursL  equ 4Bh ;Cursor Left second byte
   480                              <1> eCursR  equ 4Dh ;Cursor Right second byte
   481                              <1> eIns    equ 52h ;Insert second byte
   482                              <1> eDel    equ 53h ;DEL second byte (not necessarily delete key)
   483                              <1> 
   484                              <1> ;Default Configuration for the system
   485                              <1> 
   486                              <1> buffersDefault  equ 30
   487                              <1> filesDefault    equ 20
   488                              <1> fcbsDefault     equ 4
   489                              <1> safeFcbsDeflt   equ 0
   490                              <1> lastDriveDeflt  equ 5   
   491                              <1> 
   492                              <1> ;ASCII char property table equates. If such a bit is clear in signature in table
   493                              <1> ; then the char has this property.
   494                              <1> badChar     equ 1   ;Bad ASCIIZ filename char
   495                              <1> termChar    equ 2   ;Terminator char type
   496                              <1> sepChar     equ 4   ;Separator char type
   497                              <1> badFCBChar  equ 8   ;FCB filename char
    46                                  %include "./inc/fatStruc.inc"
     1                              <1> 
     2                              <1> ;-------------------------------------------------------;
     3                              <1> ; This include file contains miscellaneous FAT driver   ;
     4                              <1> ; structures. exFAT will have it's own files at a later ;
     5                              <1> ; stage.                                                ;
     6                              <1> ;-------------------------------------------------------;
     7                              <1> ;-------------------------------------------------------;
     8                              <1> ;-------------------------------------------------------;
     9                              <1> ;  IMPORTANT!!! IMPORTANT!!! IMPORTANT!!! IMPORTANT!!!  ;
    10                              <1> ;   REMEMBER, CLUSTER NUMBERS START AT 2!               ;
    11                              <1> ;   THE FIRST DATA CLUSTER ON A DISK IS CLUSTER 2!!!    ;
    12                              <1> ;   ON FAT12/16, A CLUSTER NUMBER OF 0 MEANS ROOT DIR!  ;
    13                              <1> ;   ON FAT32, A CLUSTER NUMBER OF 0 ALIASES THE FIRST   ;
    14                              <1> ;       CLUSTER OF THE ROOT DIRECTORY!!                 ;
    15                              <1> ;  IMPORTANT!!! IMPORTANT!!! IMPORTANT!!! IMPORTANT!!!  ;
    16                              <1> ;-------------------------------------------------------;
    17                              <1> 
    18                              <1> struc oemHeader
    19 00000000 ??????              <1>     .jump       db 3 dup (?)    ;Jump instruction
    20 00000003 ????????????????    <1>     .oemString  db 8 dup (?)    ;OEM string
    21                              <1> endstruc
    22                              <1> 
    23                              <1> struc bpb          ;FAT 12 and 16 BPB
    24 00000000 ????                <1>     .bytsPerSec dw ?  ;Bytes per sector
    25 00000002 ??                  <1>     .secPerClus db ?  ;Sectors per cluster
    26 00000003 ????                <1>     .revdSecCnt dw ?  ;Number of reserved sectors, in volume
    27 00000005 ??                  <1>     .numFATs    db ?  ;Number of FATs on media
    28 00000006 ????                <1>     .rootEntCnt dw ?  ;Number of 32 byte entries in Root directory
    29 00000008 ????                <1>     .totSec16   dw ?  ;Number of sectors on medium
    30 0000000A ??                  <1>     .media      db ?  ;Media descriptor byte
    31 0000000B ????                <1>     .FATsz16    dw ?  ;Number of sectors per FAT
    32 0000000D ????                <1>     .secPerTrk  dw ?  ;Number of sectors per "track"
    33 0000000F ????                <1>     .numHeads   dw ?  ;Number of read "heads"
    34 00000011 ????????            <1>     .hiddSec    dd ?  ;Number of hidden sectors, preceeding volume start
    35 00000015 ????????            <1>     .totSec32   dd ?  ;32 bit count of sectors
    36                              <1> endstruc
    37                              <1> 
    38                              <1> struc extBs
    39                              <1> ;Extended bootsector structure. If present, comes immediately after 
    40                              <1> ; BPB in bootsector
    41 00000000 ??                  <1>     .drvNum     db ?  ;Logical drive number (00h or 80h)
    42 00000001 ??                  <1>     .reserved1  db ?  ;Reserved byte
    43 00000002 ??                  <1>     .bootSig    db ?  ;Extended boot signature
    44 00000003 ????????            <1>     .volId      dd ?  ;Volume serial number
    45 00000007 <res Bh>            <1>     .volLab     db 11 dup (?) ;Volume label string
    46 00000012 ????????????????    <1>     .filSysType db 8 dup (?)  ;File system type string
    47                              <1> endstruc
    48                              <1> extBsSig    equ 29h
    49                              <1> 
    50                              <1> struc bpb32       ;FAT 32 BPB
    51 00000000 ????                <1>     .bytsPerSec dw ?  ;Bytes per sector
    52 00000002 ??                  <1>     .secPerClus db ?  ;Sectors per cluster
    53 00000003 ????                <1>     .revdSecCnt dw ?  ;Number of reserved sectors
    54 00000005 ??                  <1>     .numFATs    db ?  ;Number of FATs on media
    55 00000006 ????                <1>     .rootEntCnt dw ?  ;Number of entries in Root directory
    56 00000008 ????                <1>     .totSec16   dw ?  ;Number of sectors on medium
    57 0000000A ??                  <1>     .media      db ?  ;Media descriptor byte
    58 0000000B ????                <1>     .FATsz16    dw ?  ;Number of sectors per FAT, must be 0 for FAT 32
    59 0000000D ????                <1>     .secPerTrk  dw ?  ;Number of sectors per "track"
    60 0000000F ????                <1>     .numHeads   dw ?  ;Number of read "heads"
    61 00000011 ????????            <1>     .hiddSec    dd ?  ;Number of hidden sectors
    62 00000015 ????????            <1>     .totSec32   dd ?  ;32 bit count of sectors
    63 00000019 ????????            <1>     .FATsz32    dd ?  ;32 bit count of sectors occupied by one FAT
    64 0000001D ????                <1>     .extFlags   dw ?  ;Extended Flags word
    65 0000001F ????                <1>     .FSver      dw ?  ;File system version word, must be 0
    66 00000021 ????????            <1>     .RootClus   dd ?  ;First Cluster of Root Directory
    67 00000025 ????                <1>     .FSinfo     dw ?  ;Sector number of FSINFO structure, usually 1
    68 00000027 ????                <1>     .BkBootSec  dw ?  ;Backup Boot sector, either 0 or 6
    69 00000029 <res Ch>            <1>     .reserved   db 12 dup (?) ;Reserved 12 bytes
    70                              <1> endstruc
    71                              <1> 
    72                              <1> struc FSInfo
    73 00000000 ????????            <1>     .leadSig    dd ? ;Leading Signature, should be 041615252h
    74 00000004 <res 1E0h>          <1>     .reserved1  db 480 dup (?)
    75 000001E4 ????????            <1>     .strucSig   dd ?  ;Should be 061417272h
    76 000001E8 ????????            <1>     .freeCount  dd ?  ;Contains the last known free cluster on volume
    77 000001EC ????????            <1>     .nextFree   dd ?  ;Contains the first known free cluster on volume
    78 000001F0 <res Ch>            <1>     .reserved2  db 12 dup (?) ;Should be 0
    79 000001FC ????????            <1>     .trailSig   dd ?  ;Should be 0AA550000h
    80                              <1> endstruc
    81                              <1> 
    82                              <1> fsInfoSig1  equ 041615252h
    83                              <1> fsInfoSig2  equ 061417272h
    84                              <1> fsInfoSig3  equ 0AA550000h
    85                              <1> 
    86                              <1> struc mbr
    87 00000000 <res 1B8h>          <1>     .bsCode     db 440 dup (?)
    88 000001B8 ????????            <1>     .diskID     dd ?
    89 000001BC ????                <1>     .reserved   dw ?
    90 000001BE <res 10h>           <1>     .mbrEntry1  db 16 dup (?)
    91 000001CE <res 10h>           <1>     .mbrEntry2  db 16 dup (?)
    92 000001DE <res 10h>           <1>     .mbrEntry3  db 16 dup (?)
    93 000001EE <res 10h>           <1>     .mbrEntry4  db 16 dup (?)
    94 000001FE ????                <1>     .mbrSig     dw ?
    95                              <1> endstruc
    96                              <1> 
    97                              <1> struc ebr   ;A special type of MBR
    98 00000000 <res 1BEh>          <1>     .bsCode     db 446 dup (?)    ;Basic 16-bit code to error if launched into
    99 000001BE <res 10h>           <1>     .ebrVolHdr  db 16 dup (?) ;Information about the volume itself
   100 000001CE <res 10h>           <1>     .ebrLinkHdr db 16 dup (?) ;Link ptr to next logical volume in ebr
   101 000001DE <res 20h>           <1>     .reserved   db 32 dup (?) ;Reserved
   102 000001FE ????                <1>     .mbrSig     dw ?
   103                              <1> endstruc
   104                              <1> 
   105                              <1> struc mbrEntry
   106 00000000 ??                  <1>     .ptnAtrib   db ?  ;80h = active
   107 00000001 ??????              <1>     .chsStart   db 3 dup (?)  ;Ignore practically
   108 00000004 ??                  <1>     .ptnType    db ?  ;This being 00 means free
   109 00000005 ??????              <1>     .chsEnd     db 3 dup (?)  ;Ignore
   110 00000008 ????????            <1>     .lbaStart   dd ?  ;Start of partition in 32 bit LBA
   111 0000000C ????????            <1>     .numSectors dd ?  ;Number of sectors in partition
   112                              <1> endstruc
   113                              <1> 
   114                              <1> struc fatDirEntry
   115 00000000 <res Bh>            <1>     .name       db 11 dup (?) ;8.3 File Name w/o fullstop
   116 0000000B ??                  <1>     .attribute  db ?  ;Usual attributes
   117 0000000C ??                  <1>     .ntRes      db ?  ;Reserved 0
   118 0000000D ??                  <1>     .crtTimeT   db ?  ;Count of tenths of a second of file creation time <=199
   119 0000000E ????                <1>     .crtTime    dw ?  ;Creation time, granularity of 2 seconds
   120 00000010 ????                <1>     .crtDate    dw ?  ;Creation date
   121 00000012 ????                <1>     .lastAccDat dw ?  ;Last Read/Write date, not 100% supported (consider later)
   122 00000014 ????                <1>     .fstClusHi  dw ?  ;Hi word of 1st data cluster for file/dir, 0 on FAT12/16
   123 00000016 ????                <1>     .wrtTime    dw ?  ;Last modification (write) time
   124 00000018 ????                <1>     .wrtDate    dw ?  ;Last modification (write) date
   125 0000001A ????                <1>     .fstClusLo  dw ?  ;Lo word of 1st data cluster for file/dir
   126 0000001C ????????            <1>     .fileSize   dd ?  ;32-bit quantity with size of file described by entry
   127                              <1> endstruc
   128                              <1> ;Directory attribute equates
   129                              <1>     dirReadOnly     equ 01h
   130                              <1>     dirHidden       equ 02h
   131                              <1>     dirSystem       equ 04h
   132                              <1>     dirVolumeID     equ 08h
   133                              <1>     dirDirectory    equ 10h
   134                              <1>     dirArchive      equ 20h
   135                              <1>     dirCharDev      equ 40h ;Never written to disk, used to represent a Char Dev
   136                              <1>     dirLongName     equ dirReadOnly | dirHidden | dirSystem | dirVolumeID
   137                              <1>     ;If any of the three bits are set, then ALL three bits are set
   138                              <1>     ; in addition to whatever the user passed to search for.
   139                              <1>     dirInclusive    equ dirHidden | dirSystem | dirDirectory
   140                              <1>     dirIncFiles     equ dirHidden | dirSystem
   141                              <1> 
   142                              <1> struc bpbEx   ;exFAT BPB, SIZE: 120 bytes
   143                              <1> 
   144                              <1>     ;.jmpBoot                db 3 dup (?)
   145                              <1>     ;.oemName                db 8 dup (?)  ;OEM name
   146                              <1> ;BPB starts here
   147 00000000 <res 35h>           <1>     .MustBeZero             db 53 dup (?) ;Must be 0, 53 bytes
   148 00000035 ????????????????    <1>     .partitionOffset        dq ?  ;in sectors, 0 means ignore this field
   149 0000003D ????????????????    <1>     .volumeLength           dq ?  ;Volume Length in sectors
   150 00000045 ????????            <1>     .FAToffset              dd ?  ;Volume rel offset of first FAT, in sectors
   151 00000049 ????????            <1>     .FATlength              dd ?  ;FAT length, in sectors
   152 0000004D ????????            <1>     .clusterHeapOffset      dd ?  ;Start of data area, in sectors
   153 00000051 ????????            <1>     .clusterCount           dd ?  ;Number of clusters on medium
   154 00000055 ????????            <1>     .firstClusterOfRootDir  dd ?  ;First Cluster of Root Directory, min 2
   155 00000059 ????????            <1>     .volumeSerialNum        dd ?  ;Volume Serial Number
   156 0000005D ????                <1>     .FSrevision             dw ?  ;Should be 0001 (v1.00)
   157 0000005F ????                <1>     .volumeFlags            dw ?  ;Volume Flags, refer to documentation
   158 00000061 ??                  <1>     .bytesPerSectorShift    db ?  ;min 9 (512 bps), max 12 (4096 bps)
   159 00000062 ??                  <1>     .sectorsPerClusterShift db ?  ;Result of log_2(N) for N=sec per clus
   160 00000063 ??                  <1>     .numberOfFATs           db ?  ;Number of FATs, only 1 or 2
   161 00000064 ??                  <1>     .driveSelect            db ?  ;Drive Select, 0 or 80h (Int 13h)
   162 00000065 ??                  <1>     .percentInUse           db ?  ;Rounded down. FFh means unknown
   163 00000066 ??????????????      <1>     .reserved               db 7 dup (?)  ;Reserved for alignment
   164                              <1> 
   165                              <1> endstruc
    47                                  ;Default behaviour is to always zero all data sectors of the disk as well. 
    48                                  ; This is done to also pick up bad clusters to mark them as bad in the FAT.
    49                                  bitQuick    equ 1   ;/Q -> Do quick format, no zeroing. No bad sect. checks.
    50                                  bitSystem   equ 2   ;/S -> Install system files. 
    51                                  ;Checks: current drive:\currentdir, A:\ [copies whole files into memory]
    52                                  bitVolume   equ 4   ;/V:[LABEL] -> Don't prompt volume, use LABEL directly.
    53                                  bitBadChck  equ 8   ;/C -> Checks if bad clusters are still bad. 
    54                                  ; If this is specified, doesn't format the disk.
    55                                  ;Next three hold only on remdevs. If these bits set on fixed disk, bad parm!
    56                                  ;-----------------------------------v
    57                                  ;;bitSec      equ 10  ;/N:<Sectors>.| These two must both be set, else
    58                                  ;;bitTrk      equ 20  ;/T:<Tracks>. |  bad parameter! Suppose double sided
    59                                  ;-----------------------------------^
    60                                  bitFloppy   equ 40  ;/F:<size> -> Specify the size of volume. 
    61                                  ;Options are: 160, 180, 320, 360, 720, 1.2, 1.44, 2.88 (written as strings)
    62                                  
    63                                  ;Either /F Floppy is set or {/N /T}. Not both!
    64                                  
    65                                  struc cmdLineArgs
    66 00000000 <res 10h>                   .fcb1       db 16 dup (?)  ;First FCB,    argument 1 
    67 00000010 <res 14h>                   .fcb2       db 20 dup (?)  ;Second FCB,   argument 2
    68                                      .dta:   ;Pointer to the default DTA in the PSP
    69 00000024 ??                          .parmList   db ?   ;Number of characters in command tail
    70 00000025 <res 7Fh>                   .progTail   db 127 dup (?) ;Default DTA/Program tail
    71                                  endstruc
    72                                  
    73                                  struc execProg 
    74 00000000 ????????????????            .pEnv       dq ?    ;Ptr to environment block (or 0 => copy parent env)
    75 00000008 ????????????????            .pCmdLine   dq ?  ;Ptr to the command line to be placed at PSP + 80h
    76 00000010 ????????????????            .pfcb1      dq ?  ;Ptr to the first FCB (parsed argument 1)
    77 00000018 ????????????????            .pfcb2      dq ?  ;Ptr to the second FCB  (parsed argument 2)
    78                                  endstruc
    79                                  
    80                                  struc accFlgBlk
    81 00000000 ??                          .bSpecFuncs db ?    ;Must be 0
    82 00000001 ??                          .bAccMode   db ?    ;Set if access allowed. Clear if not.
    83                                  endstruc
    84                                  
    85                                  struc chsParamsBlock
    86 00000000 ??                          .bSpecFuncs db ?    ;Bit 0
    87 00000001 ??                          .bDevType   db ?    ;5 if fixed, 7 otherwise
    88 00000002 ????                        .wDevFlgs   dw ?    ;Only bits 0 and 1 are xmitted/read
    89 00000004 ????                        .wNumCyl    dw ?    ;Num cylinders of media, preserved across calls
    90 00000006 ??                          .bMedTyp    db ?    ;Perma 0 for us, meaningless. Reserved.
    91 00000007 <res 35h>                   .deviceBPB  db 53 dup (?)   ;Full length with reserved bytes of BPB32
    92 0000003C <res FEh>                   .TrackLayout dw (63*2 + 1) dup (?)  ;Full size table
    93                                  endstruc
    94                                  specFuncBPB equ 1<<0    ;In set, locks the BPB. In get, rets backup bpb
    95                                  ;In setBpb, set if we want to lock bpb. clear to unlock
    96                                  ;Below only used in setparams requests. Ignored for getparams 
    97                                  specFuncTrk equ 1<<1    ;Set if just track layout cpy. Clear if set all.
    98                                  specFuncSec equ 1<<2    ;Set if all sectors same size. Clear if not.
    99                                  
   100                                  ;Some local equates
   101                                  fs_fat12 equ 0
   102                                  fs_fat16 equ 1
   103                                  fs_fat32 equ 2
   104                                  
   105                                  %include "./src/fmtMain.asm"
     1                              <1> ;We start by checking that the version number is OK
     2                              <1> ;al has flag if the passed argument is ok
     3                              <1> ;r8 points to the PSP
     4                              <1> ;String ops all go the right way on program starup
     5                              <1> startFormat:
     6 00000000 EB01                <1>     jmp short .cVersion
     7 00000002 01                  <1> .vNum:          db 1
     8                              <1> .cVersion:
     9 00000003 50                  <1>     push rax
    10 00000004 B430                <1>     mov ah, 30h
    11 00000006 CD21                <1>     int 21h
    12 00000008 3A05F4FFFFFF        <1>     cmp al, byte [.vNum] ;Version 1
    13 0000000E 7612                <1>     jbe .okVersion
    14 00000010 58                  <1>     pop rax
    15 00000011 488D15CA130000      <1>     lea rdx, badVerStr
    16                              <1> .printExit:
    17 00000018 E817070000          <1>     call printString
    18 0000001D E9790E0000          <1>     jmp exitError
    19                              <1> .okVersion:
    20                              <1> ;Check the passed argument is ok (flag in al)
    21 00000022 58                  <1>     pop rax
    22 00000023 3CFF                <1>     cmp al, -1
    23 00000025 7509                <1>     jnz .driveOk
    24                              <1> .badDrive:
    25 00000027 488D15CA130000      <1>     lea rdx, badDrvLtr
    26 0000002E EBE8                <1>     jmp short .printExit
    27                              <1> .driveOk:
    28                              <1>     breakpoint
    81 00000030 6687DB              <2> xchg bx, bx
    29 00000033 E892070000          <1>     call parseMain  ;Now parse the commend line
    30                              <1> ; Here we now hook ^C so that if the user calls ^C we restore DOS state
    31                              <1> ; (i.e. default drive and reactivate the drive if it is deactivated)
    32 00000038 488D1562060000      <1>     lea rdx, breakRoutine
    33 0000003F B823250000          <1>     mov eax, 2523h
    34 00000044 CD21                <1>     int 21h
    35                              <1> ;Now we check that the associate drive is not a network, subst or join.
    36                              <1> ; If it is, fail. Else, we deactivate
    37 00000046 B800520000          <1>     mov eax, 5200h
    38 0000004B CD21                <1>     int 21h ;Get in rbx a ptr to list of lists
    39 0000004D 4881C32A000000      <1>     add rbx, 2Ah    ;Point rbx to cdsHeadPtr
    40 00000054 488B33              <1>     mov rsi, qword [rbx]    ;Get the ptr to the CDS array
    41 00000057 0FB60D100F0000      <1>     movzx ecx, byte [fmtDrive]
    42 0000005E 67E30B              <1>     jecxz .atCurrentCDS
    43                              <1> .walkCDSArray:
    44 00000061 4881C65F000000      <1>     add rsi, cds_size
    45 00000068 FFC9                <1>     dec ecx
    46 0000006A 75F5                <1>     jnz .walkCDSArray
    47                              <1> .atCurrentCDS: 
    48 0000006C 488935FD0E0000      <1>     mov qword [cdsPtr], rsi ;Save a ptr to the current CDS
    49                              <1> ;Must be a valid drive do be formatted
    50 00000073 66F746430040        <1>     test word [rsi + cds.wFlags], cdsValidDrive
    51 00000079 74AC                <1>     jz startFormat.badDrive
    52                              <1> ;Cannot format a Redir drive for now (Will use the net redirector for this)
    53 0000007B 66F746438080        <1>     test word [rsi + cds.wFlags], cdsRedirDrive | cdsRdirLocDrive
    54 00000081 0F85B10E0000        <1>     jnz badNetExit
    55                              <1> ;Cannot format a subst drive
    56 00000087 66F746430010        <1>     test word [rsi + cds.wFlags], cdsSubstDrive
    57 0000008D 0F85AE0E0000        <1>     jnz badSubstExit
    58                              <1> ;Cannot format a joined drive
    59 00000093 66F74643[5214]      <1>     test word [rsi + cds.wFlags], badJoinDrv
    60 00000099 0F85AB0E0000        <1>     jnz badJoinExit
    61                              <1> ;Now attempt to ascertain if removable or not.
    62 0000009F 0FB61DC80E0000      <1>     movzx ebx, byte [fmtDrive]    ;0 based number
    63 000000A6 FFC3                <1>     inc ebx  ;Turn it into a 1 based number
    64 000000A8 B808440000          <1>     mov eax, 4408h  ;IOCTL, Get if removable or not. Should never fail
    65 000000AD CD21                <1>     int 21h
    66 000000AF 0F82680E0000        <1>     jc badIOCTLExit.alt ;Don't print format failed!
    67                              <1> ;;    call parseCheck
    68 000000B5 84C0                <1>     test al, al
    69 000000B7 7422                <1>     jz .gotRemDev
    70 000000B9 800DED0E000008      <1>     or byte [media], 8      ;Turn to 0F8h
    71 000000C0 C605D50E0000FF      <1>     mov byte [fixDev], -1   ;Indicate Fixed drive
    72                              <1> ;Print the Hard Drive Partition warning string.
    73 000000C7 488D15C1140000      <1>     lea rdx, fmtHddStr
    74 000000CE E8A5090000          <1>     call doYNWait
    75 000000D3 0F82C90D0000        <1>     jc exitNoFormatFixed   ;CF=CY means no, don't proceed.
    76 000000D9 EB11                <1>     jmp short goFmt
    77                              <1> .gotRemDev:
    78                              <1> ;Print the rem dev warning string
    79 000000DB 488D1572140000      <1>     lea rdx, fmtRemStr
    80 000000E2 E84D060000          <1>     call printString
    81 000000E7 E838060000          <1>     call getch  ;Any char will proceed us
    82                              <1> goFmt:
    83                              <1> ;Print CRLF to signal remdev inserted/fixed disk warning accepted
    84 000000EC 488D1561150000      <1>     lea rdx, crlfStr
    85 000000F3 E83C060000          <1>     call printString
    86                              <1> ;Now request IOCTL to give medium parameters
    87                              <1> ;Get from BPB as this should be synced with disk (this is to handle ufmtd media).
    88                              <1> ;Hence, don't hit the disk (also this protects if the user has overwritten 
    89                              <1> ; sector 0 somehow)...
    90                              <1> ;... unless a remdev and the user specified /F or {/N /T} 
    91 000000F8 F6059D0E0000FF      <1>     test byte [fixDev], -1
    92 000000FF 7539                <1>     jnz .getFrmBpb
    93                              <1> ;;    test byte [bFlag1], bitSec | bitTrk | bitFloppy
    94 00000101 F605780E000028      <1>     test byte [bFlag1], bitFloppy
    95 00000108 7430                <1>     jz .getFrmBpb
    96 0000010A F6056F0E000008      <1>     test byte [bFlag1], bitBadChck
    97 00000111 7527                <1>     jnz .getFrmBpb  ;We ignore the floppy settings if this is set
    98                              <1> ;Sets up a fake BPB in the chsParamsBlock.deviceBPB
    99                              <1> ;;    test byte [bFlag1], bitFloppy
   100                              <1> ;;    jnz .getFloppyTbl
   101                              <1> ;Here we have tracks and sectors per track. Compute 
   102                              <1> ; BPB values and set them up. We always assume 2 heads here.
   103                              <1> ;Start by copying the default
   104                              <1> ;;    lea rsi, qword [bpbTbl]
   105                              <1> ;;    lea rdi, qword [ioParams + chsParamsBlock.deviceBPB]
   106                              <1> ;;    mov qword [bpbPtr], rdi         ;Save the BPB ptr here
   107                              <1> ;;    mov ecx, bpb_size
   108                              <1> ;;    push rdi
   109                              <1> ;;    rep movsb
   110                              <1> ;;    pop rdi
   111                              <1> .getFloppyTbl:
   112                              <1> ;Now we use the offset to copy the bpb to the right place
   113 00000113 0FB605810E0000      <1>     movzx eax, byte [bGivenSz]
   114 0000011A B919000000          <1>     mov ecx, bpb_size
   115 0000011F F7E1                <1>     mul ecx
   116 00000121 488DB0[15100000]    <1>     lea rsi, qword [bpbTbl + rax]
   117 00000128 488D3D6C100000      <1>     lea rdi, qword [ioParams + chsParamsBlock.deviceBPB]
   118 0000012F 48893D780E0000      <1>     mov qword [bpbPtr], rdi         ;Save the BPB ptr here
   119 00000136 F3A4                <1>     rep movsb
   120 00000138 EB1B                <1>     jmp short .gotBpb
   121                              <1> .getFrmBpb:
   122 0000013A B801000000          <1>     mov eax, specFuncBPB
   123 0000013F E8B5050000          <1>     call getBpb
   124 00000144 0F82C70D0000        <1>     jc badIOCTLExit
   125                              <1> ;Setup pointer to the BPB we will be using to report format
   126 0000014A 488D7A07            <1>     lea rdi, qword [rdx + chsParamsBlock.deviceBPB] ;Point to BPB
   127 0000014E 48893D590E0000      <1>     mov qword [bpbPtr], rdi ;Store this as the BPB buffer pointer
   128                              <1> .gotBpb:
   129                              <1> ;
   130                              <1> ;Now setup internal vars. Trust the returned BPB even for FAT12 floppies,
   131                              <1> ; as even if the media doesn't have a BPB on it, the driver will return
   132                              <1> ; one to us. The format operation will then lay a fresh BPB on the media too.
   133                              <1> ;This means we convert old floppies to the new, better format.
   134                              <1> ;
   135                              <1> 
   136                              <1> ;Ensure that we always set the number of FATs to 2
   137 00000155 C6470502            <1>     mov byte [rdi + bpb.numFATs], 2
   138 00000159 0FB71F              <1>     movzx ebx, word [rdi + bpb.bytsPerSec]
   139                              <1> ;TEMP: ONLY ALLOW FORMATTING ON "NORMAL" (512 byte sectors) MEDIA FOR NOW
   140 0000015C 66391D3B0E0000      <1>     cmp word [sectorSize], bx 
   141 00000163 0F85C60D0000        <1>     jne badSecSizeExit
   142                              <1> ;TEMP: END OF TEMP
   143 00000169 0FB64702            <1>     movzx eax, byte [rdi + bpb.secPerClus]  ;Store the reported secPerClus val
   144 0000016D 8805350E0000        <1>     mov byte [secPerClust], al
   145 00000173 8B4711              <1>     mov eax, dword [rdi + bpb.hiddSec]
   146 00000176 89053B0E0000        <1>     mov dword [hiddSector], eax
   147 0000017C 0FB74708            <1>     movzx eax, word [rdi + bpb.totSec16]
   148 00000180 8B4F15              <1>     mov ecx, dword [rdi + bpb.totSec32]
   149 00000183 85C0                <1>     test eax, eax   ;If totSec16 is 0, use totSec32
   150 00000185 0F44C1              <1>     cmovz eax, ecx
   151 00000188 488905110E0000      <1>     mov qword [numSectors], rax
   152                              <1> ;Allocate a sector sized memory block for IO. bx has sector size in bytes
   153 0000018F C1EB04              <1>     shr ebx, 4  ;Divide by 16 to get number of paragraphs
   154 00000192 B800480000          <1>     mov eax, 4800h  ;Allocate
   155 00000197 CD21                <1>     int 21h
   156 00000199 0F82B40D0000        <1>     jc badExitGen
   157 0000019F 488905D20D0000      <1>     mov qword [pBuffer], rax ;Use this space as IO buffer
   158 000001A6 E8570B0000          <1>     call cleanBuffer
   159                              <1> ;Now we select the FAT based on the size of the volume.
   160                              <1> ;If a hard drive, it is automatically a FAT 16 or 32 media.
   161                              <1> fatSelect:
   162 000001AB C605EB0D000000      <1>     mov byte [fatType], fs_fat12   ;Init fatType to be FAT 12
   163 000001B2 F605E30D0000FF      <1>     test byte [fixDev], -1
   164 000001B9 7524                <1>     jnz .notFat12
   165                              <1> ;If removable, check media byte.
   166                              <1> ; If media byte known (F9h-FFh), we trust the driver data as these
   167                              <1> ; come from tables we know to be FAT12 OK.
   168                              <1> ; If media byte F0h, we again treat this as a marker to trust whatever 
   169                              <1> ; the driver gave us but we check FAT12 compliance.
   170                              <1> ;   If F0h volume compliant, we setup for FAT12.
   171                              <1> ; Else, use FAT16.
   172 000001BB 803DEB0D0000F9      <1>     cmp byte [media], 0F9h
   173 000001C2 7712                <1>     ja .medOk
   174 000001C4 803DE20D0000F0      <1>     cmp byte [media], 0F0h
   175 000001CB 7512                <1>     jne .notFat12
   176                              <1> ;Now we check if the number of clusters on this volume is for FAT12. If so,
   177                              <1> ; we are ok. Else, we do FAT 16.
   178 000001CD E8050C0000          <1>     call computeFAT ;If returns ecx = 0, we use FAT12!
   179 000001D2 85C9                <1>     test ecx, ecx
   180 000001D4 7509                <1>     jnz .notFat12
   181                              <1> .medOk:
   182                              <1> ;Here we have a valid FAT 12 bpb given by the driver.
   183 000001D6 488D35C70D0000      <1>     lea rsi, qword [secPerClust - 4]    ;Point rsi four bytes before this
   184 000001DD EB75                <1>     jmp short .medFound
   185                              <1> .notFat12:
   186                              <1> ;Here for FAT 16 or 32 entries.
   187 000001DF FE05B80D0000        <1>     inc byte [fatType]  ;Start by noting we are at least FAT 16
   188 000001E5 0FB71DB20D0000      <1>     movzx ebx, word [sectorSize]
   189 000001EC 488B05AD0D0000      <1>     mov rax, qword [numSectors] ;Get the number of sectors in rax
   190 000001F3 48F7E3              <1>     mul rbx         ;Multiply to get number of bytes on volume in rax
   191 000001F6 48BB00FEFFFFFF0100- <1>     mov rbx, 1FFFFFFFE00h ;If our volume is above 2Tb in size, abort
   191 000001FF 00                  <1>
   192 00000200 4839D8              <1>     cmp rax, rbx
   193 00000203 0F831D0D0000        <1>     jnb badVolExit
   194 00000209 31DB                <1>     xor ebx, ebx
   195 0000020B B904000000          <1>     mov ecx, 4  ;4 entries in the fat16table without the first entry
   196 00000210 488D35C10D0000      <1>     lea rsi, fat16ClusterTable
   197 00000217 3B06                <1>     cmp eax, dword [rsi]
   198 00000219 7639                <1>     jbe .medFound   ;Here we need to build a custom BPB for this device. 
   199 0000021B 4881C605000000      <1>     add rsi, 5  ;Goto next entry    
   200                              <1> .fat16Lp:
   201 00000222 8B1E                <1>     mov ebx, dword [rsi]    ;Clears upper 32 bytes of ebx
   202 00000224 4839D8              <1>     cmp rax, rbx
   203 00000227 762B                <1>     jbe .medFound
   204 00000229 4881C605000000      <1>     add rsi, 5
   205 00000230 FFC9                <1>     dec ecx
   206 00000232 75EE                <1>     jnz .fat16Lp
   207 00000234 FE05630D0000        <1>     inc byte [fatType]
   208 0000023A B904000000          <1>     mov ecx, 4
   209                              <1> .fat32Lp:
   210 0000023F 483B06              <1>     cmp rax, qword [rsi]
   211 00000242 7610                <1>     jbe .medFound
   212 00000244 4881C609000000      <1>     add rsi, 9
   213 0000024B FFC9                <1>     dec ecx
   214 0000024D 75F0                <1>     jnz .fat32Lp
   215 0000024F E9D20C0000          <1>     jmp badVolExit
   216                              <1> .medFound:
   217                              <1> ;Now we select the bootsector in the payload section
   218                              <1> ;rsi points to the table entry
   219 00000254 488D1DB7150000      <1>     lea rbx, bootloader         ;Point to the FAT12/16 generic one
   220 0000025B 48891D1F0D0000      <1>     mov qword [pBtLdr], rbx  ;And store it. If FAT32, we will adjust below
   221 00000262 803D340D000002      <1>     cmp byte [fatType], fs_fat32
   222 00000269 0F8491000000        <1>     je .fat32
   223 0000026F 8A4604              <1>     mov al, byte [rsi + 4]  ;Get the sector per cluster value in al
   224 00000272 8805300D0000        <1>     mov byte [secPerClust], al
   225 00000278 488D355E0E0000      <1>     lea rsi, genericBPB12
   226 0000027F 488D3D8A0E0000      <1>     lea rdi, genericBPB16
   227 00000286 803D100D000001      <1>     cmp byte [fatType], fs_fat16
   228                              <1> ;Now we copy the correct generic bpb into the CHS IOCTL param block
   229 0000028D 480F44F7            <1>     cmove rsi, rdi  ;Use FAT16 BPB if FAT16 volume
   230 00000291 B919000000          <1>     mov ecx, bpb_size
   231 00000296 880D1A0D0000        <1>     mov byte [bpbSize], cl
   232 0000029C 488B3D0B0D0000      <1>     mov rdi, qword [bpbPtr]
   233 000002A3 57                  <1>     push rdi    ;Save ptr to the bpb in the param block
   234 000002A4 F3A4                <1>     rep movsb   ;Copy the correct generic BPB into the bpb buffer
   235 000002A6 5F                  <1>     pop rdi     ;Point rdi back to the bpb field in the param block
   236 000002A7 8A05000D0000        <1>     mov al, byte [media]
   237 000002AD 88470A              <1>     mov byte [rdi + bpb.media], al
   238 000002B0 8B05010D0000        <1>     mov eax, dword [hiddSector]
   239 000002B6 894711              <1>     mov dword [rdi + bpb.hiddSec], eax
   240 000002B9 668B05DE0C0000      <1>     mov ax, word [sectorSize]
   241 000002C0 668907              <1>     mov word [rdi + bpb.bytsPerSec], ax
   242 000002C3 8A05DF0C0000        <1>     mov al, byte [secPerClust]
   243 000002C9 884702              <1>     mov byte [rdi + bpb.secPerClus], al
   244 000002CC 488B05CD0C0000      <1>     mov rax, qword [numSectors]
   245 000002D3 3DFFFF0000          <1>     cmp eax, 0FFFFh
   246 000002D8 7306                <1>     jnb .largeSectors
   247 000002DA 66894708            <1>     mov word [rdi + bpb.totSec16], ax
   248 000002DE EB09                <1>     jmp short .sectorsOK
   249                              <1> .largeSectors:
   250 000002E0 66C747080000        <1>     mov word [rdi + bpb.totSec16], 0
   251 000002E6 894715              <1>     mov dword [rdi + bpb.totSec32], eax
   252                              <1> .sectorsOK:
   253 000002E9 E8410B0000          <1>     call computeFATSize
   254 000002EE 6689470B            <1>     mov word [rdi + bpb.FATsz16], ax
   255 000002F2 0FB7C0              <1>     movzx eax, ax
   256 000002F5 8905AE0C0000        <1>     mov dword [fatSize], eax
   257 000002FB E986000000          <1>     jmp .bpbReady
   258                              <1> .fat32:
   259 00000300 8A4608              <1>     mov al, byte [rsi + 8]  ;Get the sector per cluster value in al
   260 00000303 88059F0C0000        <1>     mov byte [secPerClust], al
   261 00000309 4881056D0C00000002- <1>     add qword [pBtLdr], 200h ;Go past the first bootsector in memory
   261 00000312 0000                <1>
   262                              <1> ;Copy the generic FAT32 bpb into the bpb buffer and modify it
   263 00000314 B935000000          <1>     mov ecx, bpb32_size
   264 00000319 880D970C0000        <1>     mov byte [bpbSize], cl
   265 0000031F 488D351D0E0000      <1>     lea rsi, genericBPB32
   266 00000326 488B3D810C0000      <1>     mov rdi, qword [bpbPtr]
   267 0000032D 57                  <1>     push rdi    ;Save ptr to the bpb in the param block
   268 0000032E F3A4                <1>     rep movsb   ;Copy the correct generic BPB into the bpb buffer
   269 00000330 5F                  <1>     pop rdi     ;Point rdi back to the bpb field in the param block
   270 00000331 8A05760C0000        <1>     mov al, byte [media]
   271 00000337 88470A              <1>     mov byte [rdi + bpb32.media], al
   272 0000033A 8B05770C0000        <1>     mov eax, dword [hiddSector]
   273 00000340 894711              <1>     mov dword [rdi + bpb.hiddSec], eax
   274 00000343 668B05540C0000      <1>     mov ax, word [sectorSize]
   275 0000034A 668907              <1>     mov word [rdi + bpb32.bytsPerSec], ax
   276 0000034D 8A05550C0000        <1>     mov al, byte [secPerClust]
   277 00000353 884702              <1>     mov byte [rdi + bpb32.secPerClus], al
   278 00000356 8B05440C0000        <1>     mov eax, dword [numSectors]
   279                              <1> ;    mov word [rdi + bpb32.totSec16], 0 ;Already 0 in the copied version
   280 0000035C 894715              <1>     mov dword [rdi + bpb32.totSec32], eax
   281 0000035F E8CB0A0000          <1>     call computeFATSize
   282 00000364 894719              <1>     mov dword [rdi + bpb32.FATsz32], eax
   283 00000367 89053C0C0000        <1>     mov dword [fatSize], eax
   284 0000036D 66C7471D0000        <1>     mov word [rdi + bpb32.extFlags], 0  ;FAT mirroring active
   285                              <1>     ;Here we need to assign cluster 2 to be root dir. Later we
   286                              <1>     ; check to see if we can actually use cluster 2. If yes, 
   287                              <1>     ; we allocate it on the FAT. If not, we reassign the root 
   288                              <1>     ; dir location
   289 00000373 66C7470D3F00        <1>     mov word [rdi + bpb32.secPerTrk], 03Fh
   290 00000379 66C7470FFF00        <1>     mov word [rdi + bpb32.numHeads],  0FFh
   291 0000037F C7472102000000      <1>     mov dword [rdi + bpb32.RootClus], 2
   292                              <1> .bpbReady:
   293                              <1> ;Now setup bootsector for writing.
   294                              <1> ;Entered with rsi -> extBS to write to
   295 00000386 56                  <1>     push rsi    ;Save the ptr to the extBS to use on stack
   296 00000387 E889090000          <1>     call prepPrintVals
   297 0000038C 488B1DE50B0000      <1>     mov rbx, qword [pBuffer]    
   298 00000393 4889DF              <1>     mov rdi, rbx    ;Point rdi to the buffer
   299                              <1> ;Now copy the default bootsector into the buffer
   300 00000396 488B35E40B0000      <1>     mov rsi, qword [pBtLdr]
   301 0000039D 0FB70DFA0B0000      <1>     movzx ecx, word [sectorSize]
   302 000003A4 F3A4                <1>     rep movsb   ;Copy the bootsector into the sector buffer
   303                              <1> ;Now copy the accurate BPB into the bootsector
   304 000003A6 488D7B0B            <1>     lea rdi, qword [rbx + 11]    ;Point rdi to the BPB in the sector
   305 000003AA 488B35FD0B0000      <1>     mov rsi, qword [bpbPtr]
   306 000003B1 0FB60DFE0B0000      <1>     movzx ecx, byte [bpbSize]   ;Now copy the bpb
   307 000003B8 F3A4                <1>     rep movsb
   308                              <1> ;Now setup the extended BPB fields.
   309 000003BA 5E                  <1>     pop rsi ;Get back the extBS ptr to use
   310 000003BB 0FB605DA0B0000      <1>     movzx eax, byte [fixDev]
   311 000003C2 2580000000          <1>     and eax, 80h ;Save only bit 7
   312 000003C7 668906              <1>     mov word [rsi + extBs.drvNum], ax   ;Clear the reserved field too
   313 000003CA E8F3090000          <1>     call getVolumeID    ;Gets a fresh ID in eax (preserve rbx->bootsector)
   314 000003CF 894603              <1>     mov dword [rsi + extBs.volId], eax
   315 000003D2 8905E70B0000        <1>     mov dword [dSerNum], eax  ;Save the serial number
   316                              <1> ;Now copy the extended BPB fields too!
   317 000003D8 B91A000000          <1>     mov ecx, extBs_size
   318 000003DD F3A4                <1>     rep movsb
   319                              <1> ;Finally, make the bootsector not bootable!
   320 000003DF C683FD01000000      <1>     mov byte [rbx + 509], 0 ;Make the disk not bootable
   321 000003E6 66C783FE01000055AA  <1>     mov word [rbx + 510], 0AA55h
   322                              <1> ;Now sync the new BPB with the driver
   323 000003EF B801000000          <1>     mov eax, specFuncBPB ;Lock the BPB for the update
   324 000003F4 E807030000          <1>     call syncBpb
   325 000003F9 0F82120B0000        <1>     jc badIOCTLExit
   326                              <1> proceedFormat:
   327 000003FF 488D1551120000      <1>     lea rdx, fmtMsg     ;Now we are about to write, print this message
   328 00000406 E829030000          <1>     call printString
   329 0000040B E8A1030000          <1>     call dosCrit1Enter
   330 00000410 E86F030000          <1>     call setDriveAccess ;Enable drive access now!
   331                              <1> 
   332 00000415 B901000000          <1>     mov ecx, 1      ;ecx = Number of sectors to write
   333 0000041A 31D2                <1>     xor edx, edx    ;rdx = Start LBA to write to
   334 0000041C E839030000          <1>     call writeSector
   335 00000421 0F828E0A0000        <1>     jc badBtSctrExit
   336 00000427 803D6F0B000002      <1>     cmp byte [fatType], fs_fat32  ;If not FAT32, skip backup bootsector
   337 0000042E 7529                <1>     jne writeFat
   338                              <1> ;------------------
   339                              <1> ;Do FAT32 here
   340                              <1> ;------------------
   341                              <1> ;Now we write the backup BPB too at sector 6
   342 00000430 B901000000          <1>     mov ecx, 1  ;1 Sector to write
   343 00000435 BA06000000          <1>     mov edx, 6  ;At sector 6
   344 0000043A E81B030000          <1>     call writeSector
   345 0000043F 7318                <1>     jnc writeFat
   346                              <1> ;If something goes wrong writing the backup, set the backup bootsector 
   347                              <1> ; to sector 0 as the standard allows this and proceed.
   348 00000441 66C743270000        <1>     mov word [rbx + bpb32.BkBootSec], 0    ;Set the backup sector to 0
   349 00000447 B901000000          <1>     mov ecx, 1      ;ecx = Number of sectors to write
   350 0000044C 31D2                <1>     xor edx, edx    ;rdx = Start LBA to write to
   351 0000044E E807030000          <1>     call writeSector
   352 00000453 0F825C0A0000        <1>     jc badBtSctrExit   ;If this fails, it means bs is being dodgy. Fail!
   353                              <1> writeFat:
   354 00000459 B8FEFFFFFF          <1>     mov eax, ~specFuncBPB    ;Unlock the BPB
   355 0000045E E89D020000          <1>     call syncBpb    ;Finish by syncing the BPB again
   356 00000463 0F82A80A0000        <1>     jc badIOCTLExit
   357                              <1> ;Now we create the FAT sectors.
   358                              <1> ;We write both copies one sector at a time interleaving them.
   359 00000469 8B353A0B0000        <1>     mov esi, dword [fatSize]    ;Get the number of sectors to write, as counter
   360 0000046F E88E080000          <1>     call cleanBuffer
   361 00000474 488B3DFD0A0000      <1>     mov rdi, qword [pBuffer] ;Point rdi to the head of buffer area
   362 0000047B E814090000          <1>     call writeFATStartSig   ;Write the first two clusters in the map
   363 00000480 B901000000          <1>     mov ecx, 1  ;ecx = Number of sectors to write
   364 00000485 488B3D220B0000      <1>     mov rdi, qword [bpbPtr] ;Get the ptr to the BPB
   365 0000048C 0FB75703            <1>     movzx edx, word [rdi + bpb.revdSecCnt]  ;Get the first sector past reserved
   366 00000490 52                  <1>     push rdx
   367 00000491 56                  <1>     push rsi
   368 00000492 E8C3020000          <1>     call writeSector
   369 00000497 5E                  <1>     pop rsi
   370 00000498 5A                  <1>     pop rdx
   371 00000499 0F82330A0000        <1>     jc badFATExit
   372 0000049F 8B05040B0000        <1>     mov eax, dword [fatSize]
   373 000004A5 01C2                <1>     add edx, eax    ;Go to second fat copy
   374 000004A7 B901000000          <1>     mov ecx, 1
   375 000004AC 50                  <1>     push rax
   376 000004AD 52                  <1>     push rdx
   377 000004AE 56                  <1>     push rsi
   378 000004AF E8A6020000          <1>     call writeSector
   379 000004B4 5E                  <1>     pop rsi
   380 000004B5 5A                  <1>     pop rdx
   381 000004B6 58                  <1>     pop rax
   382 000004B7 0F82150A0000        <1>     jc badFATExit
   383 000004BD 488B3DB40A0000      <1>     mov rdi, qword [pBuffer]
   384 000004C4 48C70700000000      <1>     mov qword [rdi], 0  ;Overwrite the FAT reserved cluster markers
   385 000004CB C7470800000000      <1>     mov dword [rdi + 8], 0  ;Overwrite potential additional FAT32 data
   386 000004D2 FFCE                <1>     dec esi ;Decrement the number of fat sectors left to count
   387                              <1> fatFillLoop:
   388 000004D4 29C2                <1>     sub edx, eax    ;Come back to the first FAT copy
   389 000004D6 FFC2                <1>     inc edx ;Goto next sector
   390 000004D8 B901000000          <1>     mov ecx, 1
   391 000004DD 52                  <1>     push rdx
   392 000004DE 56                  <1>     push rsi
   393 000004DF E876020000          <1>     call writeSector
   394 000004E4 5E                  <1>     pop rsi
   395 000004E5 5A                  <1>     pop rdx
   396 000004E6 0F82E6090000        <1>     jc badFATExit
   397 000004EC 8B05B70A0000        <1>     mov eax, dword [fatSize]
   398 000004F2 01C2                <1>     add edx, eax    ;Go to second fat copy
   399 000004F4 B901000000          <1>     mov ecx, 1
   400 000004F9 50                  <1>     push rax
   401 000004FA 52                  <1>     push rdx
   402 000004FB 56                  <1>     push rsi
   403 000004FC E859020000          <1>     call writeSector
   404 00000501 5E                  <1>     pop rsi
   405 00000502 5A                  <1>     pop rdx
   406 00000503 58                  <1>     pop rax
   407 00000504 0F82C8090000        <1>     jc badFATExit
   408 0000050A FFCE                <1>     dec esi
   409 0000050C 75C6                <1>     jnz fatFillLoop
   410                              <1>     ;Fall through once done with FAT
   411                              <1> rootDirectory:
   412                              <1>     ;FAT12 and 16 are simple, FAT32 is a bit more complex
   413 0000050E 803D880A000002      <1>     cmp byte [fatType], fs_fat32
   414 00000515 7444                <1>     je .fat32
   415                              <1>     ;Here we compute the number of Root Dir sectors and sanitise them
   416                              <1>     ;rdx should point to that sector now (since it works on FAT copy 2 last)
   417 00000517 488B1D900A0000      <1>     mov rbx, qword [bpbPtr]
   418 0000051E 0FB77306            <1>     movzx esi, word [rbx + bpb.rootEntCnt]  ;Get the number of 32 byte entries
   419 00000522 C1E605              <1>     shl esi, 5  ;Convert into the number of bytes in root directory
   420 00000525 0FB705720A0000      <1>     movzx eax, word [sectorSize]    ;Get the sector size
   421 0000052C 96                  <1>     xchg esi, eax
   422 0000052D 52                  <1>     push rdx
   423 0000052E 31D2                <1>     xor edx, edx
   424 00000530 F7F6                <1>     div esi ;Divide to get number of sectors in eax, preserve edx
   425 00000532 5A                  <1>     pop rdx ;Save edx
   426 00000533 89C6                <1>     mov esi, eax    ;Number of sectors in esi
   427 00000535 B901000000          <1>     mov ecx, 1  ;Write one sector
   428                              <1> .fatLoop:
   429 0000053A FFC2                <1>     inc edx ;Go to next sector now
   430 0000053C 51                  <1>     push rcx
   431 0000053D 52                  <1>     push rdx
   432 0000053E 56                  <1>     push rsi
   433 0000053F E816020000          <1>     call writeSector
   434 00000544 5E                  <1>     pop rsi
   435 00000545 5A                  <1>     pop rdx
   436 00000546 59                  <1>     pop rcx
   437 00000547 0F829A090000        <1>     jc badDirExit
   438 0000054D FFCE                <1>     dec esi
   439 0000054F 75E9                <1>     jnz .fatLoop
   440 00000551 E8AC060000          <1>     call writeFmtEnd    ;Write the disk formatted message
   441 00000556 E90C010000          <1>     jmp exitFormat
   442                              <1> .fat32:
   443                              <1> ;------------------
   444                              <1> ;Do FAT32 here
   445                              <1> ;------------------
   446                              <1> ;Now we need to allocate a cluster to the root directory. We need to 
   447                              <1> ; then sanitise the cluster completely.
   448                              <1> ;Step 1) Get back the FAT sector.
   449                              <1> ;Step 2) Allocate Cluster 2
   450                              <1> ;Step 3) Write back, without updating the percentage.
   451                              <1> ;Step 4) Write back copy.
   452                              <1> ;Step 5) Loop through sectors of the cluster nulling the sector out
   453                              <1> ;Step 6) Decrement the Total Cluster Count as root now perma-allocated.
   454 0000055B 488B0D650A0000      <1>     mov rcx, qword [secToWrite]
   455 00000562 488B0D660A0000      <1>     mov rcx, qword [secWritten]
   456 00000569 B901000000          <1>     mov ecx, 1
   457 0000056E 488B3D390A0000      <1>     mov rdi, qword [bpbPtr]
   458 00000575 0FB75703            <1>     movzx edx, word [rdi + bpb32.revdSecCnt]
   459 00000579 51                  <1>     push rcx
   460 0000057A 52                  <1>     push rdx
   461 0000057B E8C4010000          <1>     call readSector
   462 00000580 5A                  <1>     pop rdx
   463 00000581 59                  <1>     pop rcx
   464 00000582 488B1DEF090000      <1>     mov rbx, qword [pBuffer]
   465 00000589 C74308FFFFFFFF      <1>     mov dword [rbx + 8], -1     ;Allocate this cluster
   466 00000590 51                  <1>     push rcx
   467 00000591 52                  <1>     push rdx
   468 00000592 E8D7010000          <1>     call writeSectorBreak   ;Write without updating the count
   469 00000597 5A                  <1>     pop rdx
   470 00000598 59                  <1>     pop rcx
   471 00000599 0F8248090000        <1>     jc badDirExit
   472 0000059F 035719              <1>     add edx, dword [rdi + bpb32.FATsz32]   ;Go to backup FAT sector
   473 000005A2 52                  <1>     push rdx
   474 000005A3 E8C6010000          <1>     call writeSectorBreak
   475 000005A8 5A                  <1>     pop rdx
   476 000005A9 0F8238090000        <1>     jc badDirExit
   477 000005AF 035719              <1>     add edx, dword [rdi + bpb32.FATsz32]   ;Go to first data sector
   478 000005B2 57                  <1>     push rdi
   479 000005B3 E84A070000          <1>     call cleanBuffer    ;Clean the buffer for writeback
   480 000005B8 5F                  <1>     pop rdi
   481 000005B9 0FB67702            <1>     movzx esi, byte [rdi + bpb32.secPerClus]
   482 000005BD B901000000          <1>     mov ecx, 1
   483                              <1> .fat32RootClean:
   484 000005C2 51                  <1>     push rcx
   485 000005C3 52                  <1>     push rdx
   486 000005C4 56                  <1>     push rsi
   487 000005C5 E890010000          <1>     call writeSector
   488 000005CA 5E                  <1>     pop rsi
   489 000005CB 5A                  <1>     pop rdx
   490 000005CC 59                  <1>     pop rcx
   491 000005CD 0F8214090000        <1>     jc badDirExit
   492 000005D3 FFC2                <1>     inc edx ;Next consecutive sector
   493 000005D5 FFCE                <1>     dec esi ;Decrement count
   494 000005D7 75E9                <1>     jnz .fat32RootClean
   495                              <1> ;Now we are done with the common bit, last thing for FAT32, create the
   496                              <1> ; FSInfo (with no useful info, for now as DOS will sync this)
   497 000005D9 E824070000          <1>     call cleanBuffer
   498 000005DE 488B1D93090000      <1>     mov rbx, qword [pBuffer]
   499 000005E5 C70352526141        <1>     mov dword [rbx], 41615252h          ;Initial signature
   500 000005EB C783E4010000727241- <1>     mov dword [rbx + 484], 61417272h    ;Intermediate signature
   500 000005F4 61                  <1>
   501 000005F5 C783E8010000FFFFFF- <1>     mov dword [rbx + 488], -1 ;Force a count
   501 000005FE FF                  <1>
   502 000005FF C783EC010000030000- <1>     mov dword [rbx + 492], 3  ;First free cluster, after root dir!
   502 00000608 00                  <1>
   503 00000609 C783FC010000000055- <1>     mov dword [rbx + 508], 0AA550000h
   503 00000612 AA                  <1>
   504 00000613 B901000000          <1>     mov ecx, 1
   505 00000618 BA01000000          <1>     mov edx, 1
   506 0000061D 51                  <1>     push rcx
   507 0000061E E837010000          <1>     call writeSector
   508 00000623 59                  <1>     pop rcx
   509 00000624 0F82D2080000        <1>     jc badFSINFOExit
   510 0000062A BA07000000          <1>     mov edx, 7
   511 0000062F E826010000          <1>     call writeSector
   512 00000634 0F82C2080000        <1>     jc badFSINFOExit
   513 0000063A E8C3050000          <1>     call writeFmtEnd    ;Write the disk formatted message
   514                              <1> ;Now we sync DOS's free cluster count. Warn the user of the possible delay.
   515 0000063F 488D15A6100000      <1>     lea rdx, freeSpcStr
   516 00000646 E8E9000000          <1>     call printString
   517 0000064B B800360000          <1>     mov eax, 3600h  ;Get free space count
   518 00000650 0FB61517090000      <1>     movzx edx, byte [fmtDrive]
   519 00000657 FFC2                <1>     inc edx ;Turn into a 1 based count
   520 00000659 CD21                <1>     int 21h
   521 0000065B 488D15C6100000      <1>     lea rdx, completeStr    ;Indicate computation done!
   522 00000662 E8CD000000          <1>     call printString
   523                              <1> exitFormat:
   524 00000667 E84D010000          <1>     call dosCrit1Exit
   525 0000066C E839040000          <1>     call writeDiskStats     ;Write the stats on the volume we just formatted
   526 00000671 F60524090000FF      <1>     test byte [fixDev], -1  ;Was this drive fixed? Set if so.
   527 00000678 0F850A080000        <1>     jnz exitOk
   528                              <1> ;If we formatted on a remdev, ask if we wanna go again?
   529 0000067E 488D15F90F0000      <1>     lea rdx, againStr
   530 00000685 E8EE030000          <1>     call doYNWait
   531 0000068A 0F82F8070000        <1>     jc exitOk  ;If CF=CY, we said no and we are done!
   532 00000690 488D15BD0F0000      <1>     lea rdx, crlfStr
   533 00000697 E898000000          <1>     call printString    ;Output a new line!
   534 0000069C E93AFAFFFF          <1>     jmp startFormat.gotRemDev ;And prompt user to insert new media in drive :)
   535                              <1> 
   536                              <1> ;---------------------------------------
   537                              <1> ;            CTRL+C handler            :
   538                              <1> ;---------------------------------------
   539                              <1> 
   540                              <1> breakRoutine:
   541                              <1> ;This subroutine is called by ^C
   542                              <1> ;Prompts the user for what they want to do.
   543                              <1> ;Preserve registers across call.
   544                              <1> ;
   545                              <1> ;We always return IRETQ which means we always execute the 
   546                              <1> ; function code that we return to DOS in eax. Unless we wish
   547                              <1> ; to terminate, we just re-attempt the function that was 
   548                              <1> ; ^C-ed.
   549                              <1> ;
   550 000006A1 52                  <1>     push rdx
   551 000006A2 50                  <1>     push rax
   552 000006A3 488D15440F0000      <1>     lea rdx, cancel
   553 000006AA E8C9030000          <1>     call doYNWait       ;If ret CF=NC, we said yes so exit! Else just redo op!
   554 000006AF 720C                <1>     jc .noAbort
   555 000006B1 E803010000          <1>     call dosCrit1Exit   ;Exit the critical section since we are quitting
   556 000006B6 58                  <1>     pop rax
   557 000006B7 B8034C0000          <1>     mov eax, 4C03h      ;Tell DOS to terminate with error level 3
   558 000006BC 50                  <1>     push rax
   559                              <1> ;Let DOS reclaim memory and handles allocated to us
   560                              <1> .noAbort:
   561 000006BD B20A                <1>     mov dl, LF
   562 000006BF E868000000          <1>     call putch
   563 000006C4 58                  <1>     pop rax
   564 000006C5 5A                  <1>     pop rdx
   565 000006C6 48CF                <1>     iretq   ;Redo the operation
   566                              <1> 
   567                              <1> ;---------------------------------------
   568                              <1> ;             DOS wrappers             :
   569                              <1> ;---------------------------------------
   570                              <1> restoreBpb:
   571                              <1> ;Gets the BPB from the bootsector again to restore the driver state.
   572 000006C8 B801000000          <1>     mov eax, specFuncBPB    ;Get the backup bpb (which is old prev bpb)
   573 000006CD E827000000          <1>     call getBpb
   574 000006D2 7310                <1>     jnc .gotBpb
   575                              <1> .bad:
   576                              <1> ;If we cant even get the BS anymore, lock drive (if fixed).
   577 000006D4 F605C1080000FF      <1>     test byte [fixDev], -1
   578                              <1>     retz
    41                              <2> cret z
    19                              <3> %%_base:
    20                              <3> %assign baseVar %%_base-$$
    21                              <3>  %ifdef retOff
    22                              <3>  %if (baseVar - retOff <= 126) && (baseVar > retOff)
    23                              <3>  %ifdef currSegVBase
    24                              <3>  j%+1 short (retOff+currSegVBase)
    25                              <3>  %else
    26                              <3>  j%+1 short retOff
    27                              <3>  %endif
    28                              <3>  %else
    29                              <3>  j%-1 short %%a
    30                              <3>  return
    31                              <3> %%a:
    32                              <3>  %endif
    33                              <3>  %else
    34 000006DB 7501                <3>  j%-1 short %%a
    35                              <3>  return
    13                              <4> %%_ret:
    14 000006DD C3                  <4>  ret
    15                              <4> %assign retOff %%_ret-$$
    36                              <3> %%a:
    37                              <3>  %endif
   579 000006DE E8AA000000          <1>     call resetDriveAccess
   580                              <1>     return
    13                              <2> %%_ret:
    14 000006E3 C3                  <2>  ret
    15                              <2> %assign retOff %%_ret-$$
   581                              <1> .gotBpb:
   582                              <1> ;Now sync it back
   583 000006E4 B801000000          <1>     mov eax, specFuncBPB
   584 000006E9 E812000000          <1>     call syncBpb
   585 000006EE B8FEFFFFFF          <1>     mov eax, ~specFuncBPB
   586 000006F3 E808000000          <1>     call syncBpb
   587                              <1>     return
    13                              <2> %%_ret:
    14 000006F8 C3                  <2>  ret
    15                              <2> %assign retOff %%_ret-$$
   588                              <1> 
   589                              <1> getBpb:
   590                              <1> ;Gets the BPB from the bootsector into the buffer
   591                              <1> ;Input: = al[0] = Set if we return backup bpb. Clear if get from disk.
   592 000006F9 B960080000          <1>     mov ecx, 0860h         ;Disk drive type IOCTL, get FAT parameters
   593 000006FE EB0A                <1>     jmp short syncBpb.cmn
   594                              <1> syncBpb:
   595                              <1> ;Input: al[0] = Set if to lock bpb. Clear if to unlock bpb.
   596                              <1> ;Output: Returns if ok. Doesn't return if something went wrong.
   597                              <1> ;       Handles errors internally and exits.
   598 00000700 B940080000          <1>     mov ecx, 0840h          ;Disk drive type IOCTL, set FAT parameters
   599 00000705 0D04000000          <1>     or eax, specFuncSec     ;We only format media to all sectors equal size
   600                              <1> .cmn:
   601 0000070A 488D15830A0000      <1>     lea rdx, ioParams       ;Point to parameter block
   602 00000711 8802                <1>     mov byte [rdx + chsParamsBlock.bSpecFuncs], al
   603 00000713 0FB61D54080000      <1>     movzx ebx, byte [fmtDrive]
   604 0000071A FFC3                <1>     inc ebx
   605 0000071C B80D440000          <1>     mov eax, 440Dh      ;Generic IOCTL 
   606 00000721 CD21                <1>     int 21h
   607                              <1>     return
    13                              <2> %%_ret:
    14 00000723 C3                  <2>  ret
    15                              <2> %assign retOff %%_ret-$$
   608                              <1> 
   609                              <1> getch:
   610                              <1> ;Output: al = Char
   611 00000724 B800010000          <1>     mov eax, 0100h ;Get a char
   612 00000729 CD21                <1>     int 21h
   613                              <1>     return
    13                              <2> %%_ret:
    14 0000072B C3                  <2>  ret
    15                              <2> %assign retOff %%_ret-$$
   614                              <1> putch:
   615                              <1> ;Input: dl = Char
   616 0000072C B800020000          <1>     mov eax, 0200h
   617 00000731 CD21                <1>     int 21h
   618                              <1>     return
    13                              <2> %%_ret:
    14 00000733 C3                  <2>  ret
    15                              <2> %assign retOff %%_ret-$$
   619                              <1> printString:
   620                              <1> ;Input: rdx -> $ terminated string to print
   621 00000734 B800090000          <1>     mov eax, 0900h
   622 00000739 CD21                <1>     int 21h
   623                              <1>     return
    13                              <2> %%_ret:
    14 0000073B C3                  <2>  ret
    15                              <2> %assign retOff %%_ret-$$
   624                              <1> 
   625                              <1> checkBreak:
   626                              <1> ;Checks if control C has been struck and triggers Int 23h.
   627                              <1> ;21h/0Bh does a non-blocking check of the keyboard buffer status.
   628                              <1> ;If there is a Ctrl+C waiting in buffer, it triggers Int 23h.
   629                              <1> ;If the user then doesn't want to exit the program, it reenters 
   630                              <1> ; the call to check the keyboard status which will just return 
   631                              <1> ; if the buffer is full or empty.
   632                              <1> ;If no Ctrl+C waiting in the buffer, it just return the keyboard status.
   633 0000073C B8000B0000          <1>     mov eax, 0B00h
   634 00000741 CD21                <1>     int 21h
   635                              <1>     return
    13                              <2> %%_ret:
    14 00000743 C3                  <2>  ret
    15                              <2> %assign retOff %%_ret-$$
   636                              <1> 
   637                              <1> readSector:
   638                              <1> ;Input:
   639                              <1> ;ecx = Number of sectors to read
   640                              <1> ;rdx = Start LBA to read from
   641 00000744 E8F3FFFFFF          <1>     call checkBreak
   642 00000749 8A051F080000        <1>     mov al, byte [fmtDrive]     ; Always read from fmtDrive
   643 0000074F 488B1D22080000      <1>     mov rbx, qword [pBuffer] ; Memory Buffer address to read from
   644 00000756 CD25                <1>     int 25h
   645 00000758 58                  <1>     pop rax ;Pop old flags into rax
   646                              <1>     return
    13                              <2> %%_ret:
    14 00000759 C3                  <2>  ret
    15                              <2> %assign retOff %%_ret-$$
   647                              <1> writeSector:
   648                              <1> ;Input:
   649                              <1> ;ecx = Number of sectors to write
   650                              <1> ;rdx = Start LBA to write to
   651 0000075A E80F000000          <1>     call writeSectorBreak   ;Do break check
   652                              <1>     retc                    ;If CF=CY, do not update count or print new msg
    57                              <2> cret c
    19                              <3> %%_base:
    20                              <3> %assign baseVar %%_base-$$
    21                              <3>  %ifdef retOff
    22                              <3>  %if (baseVar - retOff <= 126) && (baseVar > retOff)
    23                              <3>  %ifdef currSegVBase
    24                              <3>  j%+1 short (retOff+currSegVBase)
    25                              <3>  %else
    26 0000075F 72(59)              <3>  j%+1 short retOff
    27                              <3>  %endif
    28                              <3>  %else
    29                              <3>  j%-1 short %%a
    30                              <3>  return
    31                              <3> %%a:
    32                              <3>  %endif
    33                              <3>  %else
    34                              <3>  j%-1 short %%a
    35                              <3>  return
    36                              <3> %%a:
    37                              <3>  %endif
   653 00000761 48FF0567080000      <1>     inc qword [secWritten]
   654 00000768 E8A2040000          <1>     call writeStatusUpdate  ;Update the percentage done message!
   655                              <1>     return
    13                              <2> %%_ret:
    14 0000076D C3                  <2>  ret
    15                              <2> %assign retOff %%_ret-$$
   656                              <1> writeSectorBreak:
   657 0000076E E8C9FFFFFF          <1>     call checkBreak
   658 00000773 8A05F5070000        <1>     mov al, byte [fmtDrive]     ; Always write to fmtDrive
   659 00000779 488B1DF8070000      <1>     mov rbx, qword [pBuffer] ; Memory Buffer address to read from
   660 00000780 CD26                <1>     int 26h
   661 00000782 58                  <1>     pop rax ;Pop old flags into rax
   662                              <1>     return
    13                              <2> %%_ret:
    14 00000783 C3                  <2>  ret
    15                              <2> %assign retOff %%_ret-$$
   663                              <1> 
   664                              <1> setDriveAccess:
   665                              <1> ;For now, I will simply force drive access on!
   666 00000784 C605080A0000FF      <1>     mov byte [accFlgPkt + accFlgBlk.bAccMode], -1
   667 0000078B EB07                <1>     jmp short resetDriveAccess.cmn
   668                              <1> resetDriveAccess:
   669 0000078D C605FF09000000      <1>     mov byte [accFlgPkt + accFlgBlk.bAccMode], 0
   670                              <1> .cmn:
   671 00000794 488D15F7090000      <1>     lea rdx, accFlgPkt
   672 0000079B B947080000          <1>     mov ecx, 0847h  ;Set Access flag on disk drive
   673 000007A0 0FB61DC7070000      <1>     movzx ebx, byte [fmtDrive]
   674 000007A7 FFC3                <1>     inc ebx ;Turn into a 1 based drive number
   675 000007A9 B80D440000          <1>     mov eax, 440Dh  ;Generic IOCTL
   676 000007AE CD21                <1>     int 21h
   677                              <1>     return
    13                              <2> %%_ret:
    14 000007B0 C3                  <2>  ret
    15                              <2> %assign retOff %%_ret-$$
   678                              <1> 
   679                              <1> ;Do not put the whole format through a critical section, that is insane!
   680                              <1> ;Use a DOS networking extension to obtain a handle to the drive.
   681                              <1> dosCrit1Enter:
   682 000007B1 C605B7070000FF      <1>     mov byte [inCrit], -1   ;Entering a DOS level 1 critical section
   683                              <1>     ;push rax 
   684                              <1>     ;mov eax, 8001h
   685                              <1>     ;int 2ah
   686                              <1>     ;pop rax
   687                              <1>     return
    13                              <2> %%_ret:
    14 000007B8 C3                  <2>  ret
    15                              <2> %assign retOff %%_ret-$$
   688                              <1> dosCrit1Exit:
   689 000007B9 F605AF070000FF      <1>     test byte [inCrit], -1  ;If we are not in a critical section, just return
   690                              <1>     retz
    41                              <2> cret z
    19                              <3> %%_base:
    20                              <3> %assign baseVar %%_base-$$
    21                              <3>  %ifdef retOff
    22                              <3>  %if (baseVar - retOff <= 126) && (baseVar > retOff)
    23                              <3>  %ifdef currSegVBase
    24                              <3>  j%+1 short (retOff+currSegVBase)
    25                              <3>  %else
    26 000007C0 74(B8)              <3>  j%+1 short retOff
    27                              <3>  %endif
    28                              <3>  %else
    29                              <3>  j%-1 short %%a
    30                              <3>  return
    31                              <3> %%a:
    32                              <3>  %endif
    33                              <3>  %else
    34                              <3>  j%-1 short %%a
    35                              <3>  return
    36                              <3> %%a:
    37                              <3>  %endif
   691                              <1>     ;push rax 
   692                              <1>     ;mov eax, 8101h          
   693                              <1>     ;int 2ah
   694                              <1>     ;pop rax
   695 000007C2 C605A607000000      <1>     mov byte [inCrit], 0    ;Indicate we have exited the critical section
   696                              <1>     return
    13                              <2> %%_ret:
    14 000007C9 C3                  <2>  ret
    15                              <2> %assign retOff %%_ret-$$
   106                                  %include "./src/fmtParse.asm"
     1                              <1> ;All routines used for parsing go here.
     2                              <1> ;We are flexible on the order of the arguments, switches can go before
     3                              <1> ; drive letters, we don't enforce an order. No arguments however can be
     4                              <1> ; multiply set and this constitutes an error.
     5                              <1> 
     6                              <1> ;Caveats:
     7                              <1> ;1) /C overrides formatting. It will switch to just reading and writing back
     8                              <1> ;    each ``bad'' sector. It won't mark sectors as bad.
     9                              <1> ;2) /F and {/N /T} cannot operate together. This constitutes an error.
    10                              <1> 
    11                              <1> parseMain:
    12 000007CA B800370000          <1>     mov eax, 3700h 
    13 000007CF CD21                <1>     int 21h ;Get in dl the switch char
    14 000007D1 8815B2070000        <1>     mov byte [bSwitch], dl
    15                              <1> .skipSwitch:
    16 000007D7 B801610000          <1>     mov eax, 6101h  ;Get cmd line arguments
    17 000007DC CD21                <1>     int 21h ;Get in rdx ptr to the command tail
    18 000007DE 488D7224            <1>     lea rsi, qword [rdx + cmdLineArgs.parmList]
    19 000007E2 AC                  <1>     lodsb           ;Get count and point to first char in command tail.
    20 000007E3 0FB6C8              <1>     movzx ecx, al   ;Put count into ecx
    21 000007E6 803C0E0D            <1>     cmp byte [rsi + rcx], CR    ;Is this a valid command line?
    22 000007EA 0F85B9060000        <1>     jne badParamExit
    23                              <1> .mainLp:
    24 000007F0 E8F0010000          <1>     call skipDelimiters
    25 000007F5 0F84CB010000        <1>     je .endParse
    26 000007FB E8C7010000          <1>     call readChar   ;Get the non-delim char
    27 00000800 3A0583070000        <1>     cmp al, byte [bSwitch]  ;Is the char the switch char?
    28 00000806 7448                <1>     je .switchFnd
    29                              <1> ;This must be a drive letter and the next char must be a colon, else error.
    30 00000808 0FB6D0              <1>     movzx edx, al   ;Save the drive letter in dl
    31 0000080B 85C9                <1>     test ecx, ecx   ;A drive letter must be followed by a : 
    32 0000080D 0F8496060000        <1>     jz badParamExit
    33 00000813 E8AF010000          <1>     call readChar
    34 00000818 3C3A                <1>     cmp al, ":"
    35 0000081A 0F8589060000        <1>     jne badParamExit
    36                              <1> ;Save the drive letter now. If one was already saved, crap out
    37 00000820 803D47070000FF      <1>     cmp byte [fmtDrive], -1 ;If this is not -1, error
    38 00000827 0F857C060000        <1>     jne badParamExit
    39 0000082D 89D0                <1>     mov eax, edx    ;Get the possibly lc char back in al for uc-ing
    40 0000082F E8DA010000          <1>     call ucChar ;Get the UC char in al
    41 00000834 8805E60D0000        <1>     mov byte [cancelL], al      ;Store for cancel string
    42 0000083A 88052F0D0000        <1>     mov byte [fmtRemStrL], al   ;And HDD/RemDev strings
    43 00000840 88057A0D0000        <1>     mov byte [fmtHddStrL], al
    44 00000846 2C41                <1>     sub al, "A"                 ;Convert to a zero based number
    45 00000848 880520070000        <1>     mov byte [fmtDrive], al     ;And store it!
    46 0000084E EBA0                <1>     jmp short .mainLp
    47                              <1> .switchFnd:
    48                              <1> ;Switch char found here. Get the char following the switch
    49 00000850 E872010000          <1>     call readChar
    50 00000855 0F844E060000        <1>     je badParamExit ;Trailing switch char
    51 0000085B E8AE010000          <1>     call ucChar     ;Uppercase our switch char in al
    52 00000860 3C56                <1>     cmp al, "V"
    53 00000862 7463                <1>     je .parseVol
    54                              <1> ;;    cmp al, "T"
    55                              <1> ;;    je .parseTracks
    56                              <1> ;;    cmp al, "N"
    57                              <1> ;;    je .parseSectors
    58 00000864 3C46                <1>     cmp al, "F"
    59 00000866 0F84C1000000        <1>     je .parseSize
    60 0000086C 3C53                <1>     cmp al, "S"
    61 0000086E 743E                <1>     je .parseSys
    62 00000870 3C51                <1>     cmp al, "Q"
    63 00000872 7421                <1>     je .parseQuick
    64 00000874 3C43                <1>     cmp al, "C"
    65 00000876 0F852D060000        <1>     jne badParamExit
    66                              <1> ;parse Bad Check here
    67 0000087C F605FD06000008      <1>     test byte [bFlag1], bitBadChck
    68 00000883 0F8520060000        <1>     jnz badParamExit
    69 00000889 800DF006000008      <1>     or byte [bFlag1], bitBadChck
    70 00000890 E95BFFFFFF          <1>     jmp .mainLp
    71                              <1> .parseQuick:
    72 00000895 F605E406000001      <1>     test byte [bFlag1], bitQuick
    73 0000089C 0F8507060000        <1>     jnz badParamExit
    74 000008A2 800DD706000001      <1>     or byte [bFlag1], bitQuick
    75 000008A9 E942FFFFFF          <1>     jmp .mainLp
    76                              <1> .parseSys:
    77 000008AE F605CB06000002      <1>     test byte [bFlag1], bitSystem
    78 000008B5 0F85EE050000        <1>     jnz badParamExit
    79 000008BB 800DBE06000002      <1>     or byte [bFlag1], bitSystem
    80 000008C2 E929FFFFFF          <1>     jmp .mainLp
    81                              <1> .parseVol:
    82 000008C7 F605B206000004      <1>     test byte [bFlag1], bitVolume
    83 000008CE 0F85D5050000        <1>     jnz badParamExit
    84 000008D4 800DA506000004      <1>     or byte [bFlag1], bitVolume
    85 000008DB E8E7000000          <1>     call readChar
    86 000008E0 3C3A                <1>     cmp al, ":"
    87 000008E2 0F85C1050000        <1>     jne badParamExit
    88                              <1> ;Now rsi points to the volume label. We copy a max of 11 chars
    89 000008E8 BA0B000000          <1>     mov edx, 11    ;Use as char counter
    90 000008ED 488D3D98060000      <1>     lea rdi, sVolLbl
    91                              <1> .pvLp:
    92 000008F4 E8CE000000          <1>     call readChar
    93 000008F9 0F84C7000000        <1>     je .endParse    ;If no more chars to read, we are done! Exit parse!
    94 000008FF E8F7000000          <1>     call isALdelimiter 
    95 00000904 0F84E6FEFFFF        <1>     je .mainLp  ;If we read a delimiter, we are done with vol lbl.
    96 0000090A AA                  <1>     stosb       ;Else, store the volume label char 
    97 0000090B FFCA                <1>     dec edx     ;Drop the count of spaces left.
    98 0000090D 75E5                <1>     jnz .pvLp
    99 0000090F E8BB000000          <1>     call findDelimiter  ;Might have more chars, skip to the next delim char.
   100 00000914 0F84AC000000        <1>     je .endParse    ;If by doing so run out of chars, exit!
   101                              <1> ;Now save the length of the volume label and proceed
   102 0000091A F7DA                <1>     neg edx
   103 0000091C 81C20B000000        <1>     add edx, 11     ;Get the length of the volume label
   104 00000922 881563060000        <1>     mov byte [sVolLblLen + 1], dl
   105 00000928 E9C3FEFFFF          <1>     jmp .mainLp
   106                              <1> ;;.parseTracks: 
   107                              <1> ;;    test word [wGivenTrks], -1      ;If never been accessed, we are 0
   108                              <1> ;;    jnz badParamExit
   109                              <1> ;;    or byte [bFlag1], bitTrk        ;Now set the bit
   110                              <1> ;;    call readChar
   111                              <1> ;;    cmp al, ":"
   112                              <1> ;;    jne badParamExit
   113                              <1> ;;    call getASCIINumber
   114                              <1> ;;    cmp ebx, 0FFFFh                 ;Has to be a word
   115                              <1> ;;    ja badParamExit
   116                              <1> ;;    mov word [wGivenTrks], bx
   117                              <1> ;;    jmp .mainLp
   118                              <1> ;;.parseSectors:
   119                              <1> ;;    test byte [bGivenSPT], -1       ;If never been accessed, we are 0
   120                              <1> ;;    jnz badParamExit
   121                              <1> ;;    or byte [bFlag1], bitSec
   122                              <1> ;;    call readChar
   123                              <1> ;;    cmp al, ":"
   124                              <1> ;;    jne badParamExit
   125                              <1> ;;    call getASCIINumber
   126                              <1> ;;    cmp ebx, 0FFh
   127                              <1> ;;    ja badParamExit
   128                              <1> ;;    mov byte [bGivenSPT], bl
   129                              <1> ;;    jmp .mainLp
   130                              <1> .parseSize:
   131 0000092D F6054C06000028      <1>     test byte [bFlag1], bitFloppy
   132 00000934 0F856F050000        <1>     jnz badParamExit
   133 0000093A 800D3F06000028      <1>     or byte [bFlag1], bitFloppy
   134 00000941 E881000000          <1>     call readChar
   135 00000946 3C3A                <1>     cmp al, ":"
   136 00000948 0F855B050000        <1>     jne badParamExit
   137 0000094E E8C9000000          <1>     call getASCIINumber
   138 00000953 81FBFFFF0000        <1>     cmp ebx, 0FFFFh 
   139 00000959 0F874A050000        <1>     ja badParamExit
   140                              <1> 
   141 0000095F 51                  <1>     push rcx
   142 00000960 488D3DA10E0000      <1>     lea rdi, szTbl  ;Scan to see if value is between 160 and 720
   143 00000967 B905000000          <1>     mov ecx, szTblL
   144 0000096C 89D8                <1>     mov eax, ebx    ;Search for count in eax
   145 0000096E 66F2AF              <1>     repne scasw
   146 00000971 7441                <1>     je .psFnd
   147                              <1> ;Here we have either 1.2, 1.44 or 2.88
   148 00000973 59                  <1>     pop rcx         ;Get back the char count for ASCII read
   149 00000974 85C9                <1>     test ecx, ecx
   150 00000976 0F842D050000        <1>     jz badParamExit
   151 0000097C E846000000          <1>     call readChar
   152 00000981 3C2E                <1>     cmp al, "."
   153 00000983 0F8520050000        <1>     jne badParamExit
   154 00000989 E88E000000          <1>     call getASCIINumber
   155 0000098E 51                  <1>     push rcx        ;Save it again
   156 0000098F B9FFFFFFFF          <1>     mov ecx, -1     ;Count past the end of the table
   157 00000994 81FB02000000        <1>     cmp ebx, 2      ;1.2
   158 0000099A 7418                <1>     je .psFnd
   159 0000099C FFC9                <1>     dec ecx         ;ecx = -1
   160 0000099E 81FB2C000000        <1>     cmp ebx, 44     ;1.44
   161 000009A4 740E                <1>     je .psFnd
   162 000009A6 FFC9                <1>     dec ecx         ;ecx = -2
   163 000009A8 81FB58000000        <1>     cmp ebx, 88     ;2.88
   164 000009AE 0F85F5040000        <1>     jne badParamExit
   165                              <1> .psFnd:
   166 000009B4 F7D9                <1>     neg ecx
   167 000009B6 678D4105            <1>     lea eax, dword [ecx + szTblL]   ;Turn into bpb table offset
   168 000009BA 8805DB050000        <1>     mov byte [bGivenSz], al
   169 000009C0 59                  <1>     pop rcx
   170 000009C1 E92AFEFFFF          <1>     jmp .mainLp
   171                              <1> .endParse:
   172                              <1>     return
    13                              <2> %%_ret:
    14 000009C6 C3                  <2>  ret
    15                              <2> %assign retOff %%_ret-$$
   173                              <1> ;Now we just check that if /F or /T or /N are specified, they are 
   174                              <1> ; correctly specified.
   175                              <1> ;;    test byte [bFlag1], bitSec | bitTrk | bitFloppy 
   176                              <1> ;;    retz    ;If none of these bits are set, return ok
   177                              <1> ;;    test byte [bFlag1], bitFloppy   ;If this bit not set, ensure both others set
   178                              <1> ;;    jz .epST
   179                              <1> ;Here we know that the floppy bit is set. Ensure neither Sec nor Trk is set too.
   180                              <1> ;;    test byte [bFlag1], ~bitFloppy
   181                              <1> ;;    retz    ;Return if this is the only bit set
   182                              <1> ;Fall through here to save 5 bytes as the next cmp will fail!
   183                              <1> ;.epST:
   184                              <1> ;Here we know that the floppy bit is not set. Ensure both Sec and Trk bits set
   185                              <1> ;;    cmp byte [bFlag1], bitSec | bitTrk
   186                              <1> ;;    rete
   187                              <1> ;;    jmp badParamExit
   188                              <1> 
   189                              <1> ;;parseCheck:
   190                              <1> ;Checks that the flags we have sset make sense for the type of 
   191                              <1> ; device we are formatting.
   192                              <1> ;Input: al = Clear if removable
   193                              <1> ;;       al = Set if fixed
   194                              <1> ;;    test al, al ;All options on rem devs
   195                              <1> ;;    retz
   196                              <1> ;If any of these bits are set, we fail.
   197                              <1> ;;    test byte [bFlag1], bitSec | bitTrk | bitFloppy 
   198                              <1> ;;    retz
   199                              <1> ;;    jmp badParamExit
   200                              <1> 
   201                              <1> ;-------------------------
   202                              <1> ; Parse utility functions
   203                              <1> ;-------------------------
   204                              <1> 
   205                              <1> readChar:
   206                              <1> ;Reads a character from the command tail. 
   207                              <1> ; If the count goes to zero or CR read, end of line!
   208                              <1> ;Input: ecx = Number of chars left to read
   209                              <1> ;       rsi -> String to read
   210                              <1> ;Output: rsi -> Adv by one char
   211                              <1> ;        ecx -= 1
   212                              <1> ;       ZF=ZE: End of cmd tail
   213                              <1> ;       ZF=NZ: Not end of cmd tail
   214 000009C7 85C9                <1>     test ecx, ecx
   215                              <1>     retz
    41                              <2> cret z
    19                              <3> %%_base:
    20                              <3> %assign baseVar %%_base-$$
    21                              <3>  %ifdef retOff
    22                              <3>  %if (baseVar - retOff <= 126) && (baseVar > retOff)
    23                              <3>  %ifdef currSegVBase
    24                              <3>  j%+1 short (retOff+currSegVBase)
    25                              <3>  %else
    26 000009C9 74(C6)              <3>  j%+1 short retOff
    27                              <3>  %endif
    28                              <3>  %else
    29                              <3>  j%-1 short %%a
    30                              <3>  return
    31                              <3> %%a:
    32                              <3>  %endif
    33                              <3>  %else
    34                              <3>  j%-1 short %%a
    35                              <3>  return
    36                              <3> %%a:
    37                              <3>  %endif
   216                              <1> .noCheck:
   217 000009CB AC                  <1>     lodsb
   218 000009CC FFC9                <1>     dec ecx
   219                              <1>     return
    13                              <2> %%_ret:
    14 000009CE C3                  <2>  ret
    15                              <2> %assign retOff %%_ret-$$
   220                              <1> 
   221                              <1> findDelimiter:
   222                              <1> ;Goes to the next delimiter.
   223                              <1> ;Input: rsi must point to the start of the data string
   224                              <1> ;       ecx = Number of chars left to to process
   225                              <1> ;Output: rsi points to the first non-delimiter char
   226                              <1> ;       ecx = Chars left to process after skipping
   227                              <1> ;       ZF=ZE: No more chars left to process
   228                              <1> ;       ZF=NZ: Chars left to process
   229 000009CF 50                  <1>     push rax
   230                              <1> .l1:
   231 000009D0 E8F2FFFFFF          <1>     call readChar
   232 000009D5 740C                <1>     je .exit2
   233 000009D7 E81F000000          <1>     call isALdelimiter
   234 000009DC 75F2                <1>     jnz .l1
   235                              <1> .exit:
   236 000009DE 48FFCE              <1>     dec rsi ;Point rsi back to the char which is a command delimiter
   237 000009E1 FFC1                <1>     inc ecx
   238                              <1> .exit2:
   239 000009E3 58                  <1>     pop rax
   240                              <1>     return
    13                              <2> %%_ret:
    14 000009E4 C3                  <2>  ret
    15                              <2> %assign retOff %%_ret-$$
   241                              <1> 
   242                              <1> 
   243                              <1> skipDelimiters:
   244                              <1> ;Skips all "standard" command delimiters. This is not the same as FCB 
   245                              <1> ; command delimiters but a subset thereof. 
   246                              <1> ;These are the same across all codepages.
   247                              <1> ;Input: rsi must point to the start of the data string
   248                              <1> ;       ecx = Number of chars left to to process
   249                              <1> ;Output: rsi points to the first non-delimiter char
   250                              <1> ;       ecx = Chars left to process after skipping
   251                              <1> ;       ZF=ZE: No more chars left to process
   252                              <1> ;       ZF=NZ: Chars left to process
   253 000009E5 50                  <1>     push rax
   254                              <1> .l1:
   255 000009E6 E8DCFFFFFF          <1>     call readChar
   256 000009EB 740C                <1>     je .exit2
   257 000009ED E809000000          <1>     call isALdelimiter
   258 000009F2 74F2                <1>     jz .l1
   259                              <1> .exit:
   260 000009F4 48FFCE              <1>     dec rsi ;Point rsi back to the char which is not a command delimiter
   261 000009F7 FFC1                <1>     inc ecx
   262                              <1> .exit2:
   263 000009F9 58                  <1>     pop rax
   264                              <1>     return
    13                              <2> %%_ret:
    14 000009FA C3                  <2>  ret
    15                              <2> %assign retOff %%_ret-$$
   265                              <1> 
   266                              <1> isALdelimiter:
   267                              <1> ;Returns: ZF=NZ if al is not a command separator 
   268                              <1> ;         ZF=ZE if al is a command separator
   269 000009FB 3C20                <1>     cmp al, SPC
   270                              <1>     rete
    49                              <2> cret e
    19                              <3> %%_base:
    20                              <3> %assign baseVar %%_base-$$
    21                              <3>  %ifdef retOff
    22                              <3>  %if (baseVar - retOff <= 126) && (baseVar > retOff)
    23                              <3>  %ifdef currSegVBase
    24                              <3>  j%+1 short (retOff+currSegVBase)
    25                              <3>  %else
    26 000009FD 74(FA)              <3>  j%+1 short retOff
    27                              <3>  %endif
    28                              <3>  %else
    29                              <3>  j%-1 short %%a
    30                              <3>  return
    31                              <3> %%a:
    32                              <3>  %endif
    33                              <3>  %else
    34                              <3>  j%-1 short %%a
    35                              <3>  return
    36                              <3> %%a:
    37                              <3>  %endif
   271 000009FF 3C3B                <1>     cmp al, ";"
   272                              <1>     rete
    49                              <2> cret e
    19                              <3> %%_base:
    20                              <3> %assign baseVar %%_base-$$
    21                              <3>  %ifdef retOff
    22                              <3>  %if (baseVar - retOff <= 126) && (baseVar > retOff)
    23                              <3>  %ifdef currSegVBase
    24                              <3>  j%+1 short (retOff+currSegVBase)
    25                              <3>  %else
    26 00000A01 74(FA)              <3>  j%+1 short retOff
    27                              <3>  %endif
    28                              <3>  %else
    29                              <3>  j%-1 short %%a
    30                              <3>  return
    31                              <3> %%a:
    32                              <3>  %endif
    33                              <3>  %else
    34                              <3>  j%-1 short %%a
    35                              <3>  return
    36                              <3> %%a:
    37                              <3>  %endif
   273 00000A03 3C3D                <1>     cmp al, "="
   274                              <1>     rete
    49                              <2> cret e
    19                              <3> %%_base:
    20                              <3> %assign baseVar %%_base-$$
    21                              <3>  %ifdef retOff
    22                              <3>  %if (baseVar - retOff <= 126) && (baseVar > retOff)
    23                              <3>  %ifdef currSegVBase
    24                              <3>  j%+1 short (retOff+currSegVBase)
    25                              <3>  %else
    26 00000A05 74(FA)              <3>  j%+1 short retOff
    27                              <3>  %endif
    28                              <3>  %else
    29                              <3>  j%-1 short %%a
    30                              <3>  return
    31                              <3> %%a:
    32                              <3>  %endif
    33                              <3>  %else
    34                              <3>  j%-1 short %%a
    35                              <3>  return
    36                              <3> %%a:
    37                              <3>  %endif
   275 00000A07 3C2C                <1>     cmp al, ","
   276                              <1>     rete
    49                              <2> cret e
    19                              <3> %%_base:
    20                              <3> %assign baseVar %%_base-$$
    21                              <3>  %ifdef retOff
    22                              <3>  %if (baseVar - retOff <= 126) && (baseVar > retOff)
    23                              <3>  %ifdef currSegVBase
    24                              <3>  j%+1 short (retOff+currSegVBase)
    25                              <3>  %else
    26 00000A09 74(FA)              <3>  j%+1 short retOff
    27                              <3>  %endif
    28                              <3>  %else
    29                              <3>  j%-1 short %%a
    30                              <3>  return
    31                              <3> %%a:
    32                              <3>  %endif
    33                              <3>  %else
    34                              <3>  j%-1 short %%a
    35                              <3>  return
    36                              <3> %%a:
    37                              <3>  %endif
   277 00000A0B 3C09                <1>     cmp al, TAB
   278                              <1>     return
    13                              <2> %%_ret:
    14 00000A0D C3                  <2>  ret
    15                              <2> %assign retOff %%_ret-$$
   279                              <1> 
   280                              <1> ucChar:
   281                              <1> ;Input: al = Char to uppercase
   282                              <1> ;Output: al = Adjusted char 
   283                              <1> ;Use normal localised uppercase instead of normal uppercase as
   284                              <1> ; drive letters are in the overlap of normal and filename uc.
   285                              <1> ;This allows for use of this function beyond just drive letter UC-ing
   286                              <1> ; (i.e. for switch chars)
   287 00000A0E 52                  <1>     push rdx
   288 00000A0F 89C2                <1>     mov edx, eax
   289 00000A11 B820650000          <1>     mov eax, 6520h
   290 00000A16 CD21                <1>     int 21h
   291 00000A18 89D0                <1>     mov eax, edx
   292 00000A1A 5A                  <1>     pop rdx
   293                              <1>     return
    13                              <2> %%_ret:
    14 00000A1B C3                  <2>  ret
    15                              <2> %assign retOff %%_ret-$$
   294                              <1> 
   295                              <1> getASCIINumber:
   296                              <1> ;Accumulates the value in ebx and returns it.
   297                              <1> ;First char read must be a digit, else, we treat a non-digit
   298                              <1> ; as a terminator of the number. 
   299                              <1> ;If the value is greater than 32 bits, treat as invalid input
   300 00000A1C 31DB                <1>     xor ebx, ebx
   301 00000A1E E8A4FFFFFF          <1>     call readChar    ;First char after : must be a digit
   302 00000A23 E844000000          <1>     call isAlDigit
   303 00000A28 0F827B040000        <1>     jc badParamExit
   304                              <1> .lp:
   305 00000A2E 250F000000          <1>     and eax, 0Fh    ;Save lower nybble only and zero the rest of the register
   306 00000A33 89DD                <1>     mov ebp, ebx    ;Dont use lea because we cant check for carry
   307 00000A35 C1E302              <1>     shl ebx, 2      ;4*ebx
   308 00000A38 0F826B040000        <1>     jc badParamExit
   309 00000A3E 01EB                <1>     add ebx, ebp    ;5*ebx
   310 00000A40 0F8263040000        <1>     jc badParamExit
   311 00000A46 D1E3                <1>     shl ebx, 1      ;10*ebx
   312 00000A48 0F825B040000        <1>     jc badParamExit
   313 00000A4E 01C3                <1>     add ebx, eax    ;Add new digit value
   314 00000A50 0F8253040000        <1>     jc badParamExit
   315 00000A56 85C9                <1>     test ecx, ecx   ;Stop if we run out of chars to process
   316                              <1>     retz
    41                              <2> cret z
    19                              <3> %%_base:
    20                              <3> %assign baseVar %%_base-$$
    21                              <3>  %ifdef retOff
    22                              <3>  %if (baseVar - retOff <= 126) && (baseVar > retOff)
    23                              <3>  %ifdef currSegVBase
    24                              <3>  j%+1 short (retOff+currSegVBase)
    25                              <3>  %else
    26 00000A58 74(1B)              <3>  j%+1 short retOff
    27                              <3>  %endif
    28                              <3>  %else
    29                              <3>  j%-1 short %%a
    30                              <3>  return
    31                              <3> %%a:
    32                              <3>  %endif
    33                              <3>  %else
    34                              <3>  j%-1 short %%a
    35                              <3>  return
    36                              <3> %%a:
    37                              <3>  %endif
   317 00000A5A E86CFFFFFF          <1>     call readChar.noCheck    ;Else get the next char
   318 00000A5F E808000000          <1>     call isAlDigit              ;If it is a digit, keep processing
   319 00000A64 73C8                <1>     jnc .lp
   320                              <1> ;Else, we reset to the first non-digit char and return.
   321 00000A66 48FFCE              <1>     dec rsi
   322 00000A69 FFC1                <1>     inc ecx
   323                              <1>     return
    13                              <2> %%_ret:
    14 00000A6B C3                  <2>  ret
    15                              <2> %assign retOff %%_ret-$$
   324                              <1> 
   325                              <1> isAlDigit:
   326 00000A6C 3C30                <1>     cmp al, "0"
   327 00000A6E 7206                <1>     jb .notDigit
   328 00000A70 3C39                <1>     cmp al, "9"
   329 00000A72 7702                <1>     ja .notDigit
   330 00000A74 F8                  <1>     clc
   331                              <1>     return
    13                              <2> %%_ret:
    14 00000A75 C3                  <2>  ret
    15                              <2> %assign retOff %%_ret-$$
   332                              <1> .notDigit:
   333 00000A76 F9                  <1>     stc 
   334                              <1>     return
    13                              <2> %%_ret:
    14 00000A77 C3                  <2>  ret
    15                              <2> %assign retOff %%_ret-$$
   107                                  %include "./src/fmtUtils.asm"
     1                              <1> ;---------------------------------------
     2                              <1> ;            Getch Wrappers            :
     3                              <1> ;---------------------------------------
     4                              <1> doYNWait:
     5                              <1> ;This does the below but also outputs a new line to 
     6                              <1> ; indicate that input has been recieved.
     7 00000A78 E80F000000          <1>     call .doWait
     8 00000A7D 9C                  <1>     pushfq
     9 00000A7E 488D15CF0B0000      <1>     lea rdx, crlfStr
    10 00000A85 E8AAFCFFFF          <1>     call printString    ;Output a new line!
    11 00000A8A 9D                  <1>     popfq
    12                              <1>     return
    13                              <2> %%_ret:
    14 00000A8B C3                  <2>  ret
    15                              <2> %assign retOff %%_ret-$$
    13                              <1> .doWait:
    14                              <1> ;Input: rdx -> String to wait for Y/N on.
    15                              <1> ;Output: CF=NC -> Y(es)
    16                              <1> ;        CF=CY -> N(o)
    17 00000A8C 52                  <1>     push rdx
    18 00000A8D E8A2FCFFFF          <1>     call printString
    19 00000A92 E88DFCFFFF          <1>     call getch
    20 00000A97 0FB6D0              <1>     movzx edx, al
    21 00000A9A B823650000          <1>     mov eax, 6523h  ;Zeros upper word of lower dword
    22 00000A9F CD21                <1>     int 21h
    23 00000AA1 5A                  <1>     pop rdx
    24 00000AA2 3D01000000          <1>     cmp eax, 1
    25 00000AA7 77E3                <1>     ja .doWait
    26                              <1>     return
    13                              <2> %%_ret:
    14 00000AA9 C3                  <2>  ret
    15                              <2> %assign retOff %%_ret-$$
    27                              <1> 
    28                              <1> ;--------------------------------------
    29                              <1> ;          Utility functions          :
    30                              <1> ;--------------------------------------
    31                              <1> writeDiskStats:
    32                              <1> ;Writes the disk statistics after a format.
    33                              <1> ;-------------------------------------------------------
    34                              <1> ;<Number> bytes total disk space
    35                              <1> ;<Number> bytes used by system (if /S set and system files installed)
    36                              <1> ;<Number> bytes in bad sectors (if bad sectors. Always rounds to # of clusters)
    37                              <1> ;<Number> bytes available on disk 
    38                              <1> ;
    39                              <1> ;<Number> bytes in each allocation unit.
    40                              <1> ;<Number> allocation units available on disk. ;alloc units are clusters
    41                              <1> ;
    42                              <1> ;Volume Serial Number is <Serial-Number>
    43                              <1> ;-------------------------------------------------------
    44                              <1> ;Start start by putting a new line
    45 00000AAA 488D15A30B0000      <1>     lea rdx, crlfStr
    46 00000AB1 E87EFCFFFF          <1>     call printString
    47                              <1> ;Start by getting free sector count from DOS. We do this to make the 
    48                              <1> ; computation of the free sector count easier after /s and if any bad clusters.
    49 00000AB6 B800360000          <1>     mov eax, 3600h  ;Get free space count
    50 00000ABB 0FB615AC040000      <1>     movzx edx, byte [fmtDrive]
    51 00000AC2 FFC2                <1>     inc edx ;Turn into a 1 based count
    52 00000AC4 CD21                <1>     int 21h
    53                              <1> ;If we have a FAT 32 drive, add one cluster to the free count to account for
    54                              <1> ; the root directory cluster.
    55 00000AC6 803DD004000002      <1>     cmp byte [fatType], fs_fat32
    56 00000ACD 7502                <1>     jne .goSave
    57 00000ACF FFC3                <1>     inc ebx ;Discount the root directory from initial count!
    58                              <1> .goSave:
    59                              <1> ;Use x64 regs instead of stack frame
    60 00000AD1 4989D0              <1>     mov r8, rdx ;r8 = Total cluster count in data area
    61 00000AD4 4989D9              <1>     mov r9, rbx ;r9 = Free cluster count in the data area
    62                              <1> ;Total number of bytes, ebx still has total count
    63 00000AD7 0FB605CA040000      <1>     movzx eax, byte [secPerClust]
    64 00000ADE 0FB70DB9040000      <1>     movzx ecx, word [sectorSize]
    65 00000AE5 F7E1                <1>     mul ecx     ;Get the number of bytes per cluster in eax
    66 00000AE7 4989C2              <1>     mov r10, rax    ;Save this value in r10
    67 00000AEA 49F7E0              <1>     mul r8      ;Get in eax the number of bytes on disk
    68 00000AED E868010000          <1>     call printDecimalDword
    69 00000AF2 488D153B0C0000      <1>     lea rdx, totalBytesStr
    70 00000AF9 E836FCFFFF          <1>     call printString
    71                              <1> ;System bytes
    72 00000AFE F6057B04000002      <1>     test byte [bFlag1], bitSystem
    73 00000B05 741E                <1>     jz .skipSystem
    74 00000B07 4C89C9              <1>     mov rcx, r9     ;Get the free cluster count
    75 00000B0A 4C89C0              <1>     mov rax, r8     ;Get the total cluster count
    76 00000B0D 29C8                <1>     sub eax, ecx    ;Workout the amount of space taken by system files
    77 00000B0F 4C89D1              <1>     mov rcx, r10    ;Get word BytesPerClust
    78 00000B12 F7E1                <1>     mul ecx         ;Get the number of bytes taken by system files
    79 00000B14 E841010000          <1>     call printDecimalDword
    80 00000B19 488D152E0C0000      <1>     lea rdx, sysBytesStr
    81 00000B20 E80FFCFFFF          <1>     call printString
    82                              <1> .skipSystem:
    83                              <1> ;Bad cluster bytes
    84 00000B25 8B0D98040000        <1>     mov ecx, dword [dBadClust]
    85 00000B2B 85C9                <1>     test ecx, ecx
    86 00000B2D 741B                <1>     jz .skipBad
    87 00000B2F 4C89C0              <1>     mov rax, r8     ;Get the total cluster count
    88 00000B32 29C8                <1>     sub eax, ecx
    89 00000B34 4C89D1              <1>     mov rcx, r10    ;Get word BytesPerClust
    90 00000B37 F7E1                <1>     mul ecx         ;Get the number of bytes taken by bad clusters
    91 00000B39 E81C010000          <1>     call printDecimalDword
    92 00000B3E 488D15210C0000      <1>     lea rdx, badSectStr
    93 00000B45 E8EAFBFFFF          <1>     call printString
    94                              <1> .skipBad:
    95                              <1> ;Free bytes
    96 00000B4A 4C89C8              <1>     mov rax, r9     ;Get free cluster count
    97 00000B4D 4C89D1              <1>     mov rcx, r10    ;Get word BytesPerClust
    98 00000B50 F7E1                <1>     mul ecx         ;Get the number of free bytes
    99 00000B52 E803010000          <1>     call printDecimalDword
   100 00000B57 488D15200C0000      <1>     lea rdx, availableBytesStr
   101 00000B5E E8D1FBFFFF          <1>     call printString
   102                              <1> ;Bytes per cluster
   103 00000B63 4C89D0              <1>     mov rax, r10    ;Get word BytesPerClust
   104 00000B66 E8EF000000          <1>     call printDecimalDword
   105 00000B6B 488D15280C0000      <1>     lea rdx, clustSzStr
   106 00000B72 E8BDFBFFFF          <1>     call printString
   107                              <1> ;Number of clusters
   108 00000B77 4C89C0              <1>     mov rax, r8     ;Get the total cluster count
   109 00000B7A E8DB000000          <1>     call printDecimalDword
   110 00000B7F 488D15360C0000      <1>     lea rdx, totClusStr
   111 00000B86 E8A9FBFFFF          <1>     call printString
   112                              <1> ;Vol Serial Number
   113 00000B8B 488D15520C0000      <1>     lea rdx, volSerialNumStr
   114 00000B92 E89DFBFFFF          <1>     call printString
   115 00000B97 488D3521040000      <1>     lea rsi, qword [dSerNum]
   116 00000B9E AC                  <1>     lodsb
   117 00000B9F E829000000          <1>     call printHexByte
   118 00000BA4 AC                  <1>     lodsb
   119 00000BA5 E823000000          <1>     call printHexByte
   120 00000BAA BA2D000000          <1>     mov edx, "-"
   121 00000BAF E878FBFFFF          <1>     call putch
   122 00000BB4 AC                  <1>     lodsb
   123 00000BB5 E813000000          <1>     call printHexByte
   124 00000BBA AC                  <1>     lodsb
   125 00000BBB E80D000000          <1>     call printHexByte
   126                              <1> ;We are done so print a new line :)
   127 00000BC0 488D158D0A0000      <1>     lea rdx, crlfStr
   128 00000BC7 E868FBFFFF          <1>     call printString    ;Output a new line!
   129                              <1>     return
    13                              <2> %%_ret:
    14 00000BCC C3                  <2>  ret
    15                              <2> %assign retOff %%_ret-$$
   130                              <1> 
   131                              <1> printHexByte:
   132 00000BCD 488D1D1E000000      <1>     lea rbx, .tbl
   133 00000BD4 50                  <1>     push rax
   134 00000BD5 C1E804              <1>     shr eax, 4  ;Move nybble down
   135 00000BD8 E807000000          <1>     call .phn
   136 00000BDD 58                  <1>     pop rax
   137 00000BDE E801000000          <1>     call .phn
   138                              <1>     return
    13                              <2> %%_ret:
    14 00000BE3 C3                  <2>  ret
    15                              <2> %assign retOff %%_ret-$$
   139                              <1> .phn:
   140                              <1> ;Prints hex nybble in al.
   141 00000BE4 250F000000          <1>     and eax, 0Fh    ;Save lower nybble only
   142 00000BE9 D7                  <1>     xlatb
   143 00000BEA 89C2                <1>     mov edx, eax
   144 00000BEC E83BFBFFFF          <1>     call putch
   145                              <1>     return
    13                              <2> %%_ret:
    14 00000BF1 C3                  <2>  ret
    15                              <2> %assign retOff %%_ret-$$
   146 00000BF2 303132333435363738- <1> .tbl    db "0123456789ABCDEF"
   146 00000BFB 39414243444546      <1>
   147                              <1> 
   148                              <1> writeFmtEnd:
   149 00000C02 488D158C0A0000      <1>     lea rdx, okFormat   ;Successfully formatted!
   150 00000C09 E826FBFFFF          <1>     call printString
   151                              <1>     return
    13                              <2> %%_ret:
    14 00000C0E C3                  <2>  ret
    15                              <2> %assign retOff %%_ret-$$
   152                              <1>     
   153                              <1> writeStatusUpdate:
   154 00000C0F 51                  <1>     push rcx
   155 00000C10 52                  <1>     push rdx
   156 00000C11 488B05B7030000      <1>     mov rax, qword [secWritten]
   157 00000C18 BB64000000          <1>     mov ebx, 100
   158 00000C1D 48F7E3              <1>     mul rbx ;Multiply number of sectors by 100
   159 00000C20 488B1DA0030000      <1>     mov rbx, qword [secToWrite]
   160 00000C27 31D2                <1>     xor edx, edx
   161 00000C29 48F7F3              <1>     div rbx ;Get percentage of written sectors in rax (formally al)
   162 00000C2C 3A05A5030000        <1>     cmp al, byte [secPercent]
   163 00000C32 7423                <1>     je .exit    ;If they are equal, dont bother printing again
   164                              <1> ;Here we have a new percentage! Update the message!
   165 00000C34 88059D030000        <1>     mov byte [secPercent], al
   166 00000C3A B903000000          <1>     mov ecx, 3  ;Max 3 chars to print (up to 100)
   167 00000C3F E823000000          <1>     call printDecimalValLB
   168 00000C44 488D151C0A0000      <1>     lea rdx, fmtPcntMsg
   169 00000C4B E8E4FAFFFF          <1>     call printString
   170 00000C50 B20D                <1>     mov dl, CR
   171 00000C52 E8D5FAFFFF          <1>     call putch  ;End by returning to the start of the line
   172                              <1> .exit:
   173 00000C57 5A                  <1>     pop rdx
   174 00000C58 59                  <1>     pop rcx
   175                              <1>     return 
    13                              <2> %%_ret:
    14 00000C59 C3                  <2>  ret
    15                              <2> %assign retOff %%_ret-$$
   176                              <1> 
   177                              <1> printDecimalDword:
   178 00000C5A 51                  <1>     push rcx
   179 00000C5B B911000000          <1>     mov ecx, 17 ;Need to make space for dword + commas
   180 00000C60 E802000000          <1>     call printDecimalValLB
   181 00000C65 59                  <1>     pop rcx
   182                              <1>     return
    13                              <2> %%_ret:
    14 00000C66 C3                  <2>  ret
    15                              <2> %assign retOff %%_ret-$$
   183                              <1> printDecimalValLB:
   184                              <1> ;Takes a value in rax and prints it's decimal representation with leading
   185                              <1> ; blanks and inserts commas where appropriate.
   186                              <1> ;Input: rax = Value to print
   187                              <1> ;       rcx = Buffer size to handle (usual values: 17 for max, 13 for dword)
   188 00000C67 4889E5              <1>     mov rbp, rsp
   189 00000C6A 4829CC              <1>     sub rsp, rcx ;Allocate the buffer on the stack
   190 00000C6D 4889EF              <1>     mov rdi, rbp
   191 00000C70 4829CF              <1>     sub rdi, rcx
   192 00000C73 50                  <1>     push rax
   193 00000C74 51                  <1>     push rcx
   194 00000C75 57                  <1>     push rdi
   195 00000C76 31C0                <1>     xor eax, eax
   196 00000C78 F3AA                <1>     rep stosb   ;Initialise the buffer with a null value
   197 00000C7A 5F                  <1>     pop rdi     ;Now set the ptr to the head of the buffer
   198 00000C7B 59                  <1>     pop rcx
   199 00000C7C 58                  <1>     pop rax
   200 00000C7D 51                  <1>     push rcx    ;Save this value to keep the buffer length
   201 00000C7E E83E000000          <1>     call decimalise   ;If return with CF=CY, error!
   202 00000C83 59                  <1>     pop rcx     ;Now print the buffer
   203 00000C84 4889EF              <1>     mov rdi, rbp
   204 00000C87 48FFCF              <1>     dec rdi     ;Doesn't affect CF
   205 00000C8A 722C                <1>     jc .errPrint    ;Print a mis-aligned ? to clearly mark an error!
   206                              <1> .skipLp:
   207 00000C8C 8A1F                <1>     mov bl, byte [rdi]
   208 00000C8E 84DB                <1>     test bl, bl ;Any leading null's get replaced with a space
   209 00000C90 7514                <1>     jne .printLp
   210 00000C92 B220                <1>     mov dl, " "
   211 00000C94 E893FAFFFF          <1>     call putch
   212 00000C99 48FFCF              <1>     dec rdi
   213 00000C9C FFC9                <1>     dec ecx
   214 00000C9E 81F901000000        <1>     cmp ecx, 1
   215 00000CA4 75E6                <1>     jne .skipLp   ;Always print 1 byte for size
   216                              <1> .printLp:
   217 00000CA6 8A17                <1>     mov dl, byte [rdi]
   218 00000CA8 E87FFAFFFF          <1>     call putch
   219 00000CAD 48FFCF              <1>     dec rdi
   220 00000CB0 FFC9                <1>     dec ecx
   221 00000CB2 75F2                <1>     jnz .printLp
   222                              <1> .exit:
   223 00000CB4 4889EC              <1>     mov rsp, rbp    ;Deallocate the buffer and exit!
   224                              <1>     return
    13                              <2> %%_ret:
    14 00000CB7 C3                  <2>  ret
    15                              <2> %assign retOff %%_ret-$$
   225                              <1> .errPrint:
   226                              <1> ;Print a default ? symbol if an overflow occurs.
   227 00000CB8 B23F                <1>     mov dl, "?"
   228 00000CBA E86DFAFFFF          <1>     call putch
   229 00000CBF EBF3                <1>     jmp short .exit
   230                              <1> 
   231                              <1> decimalise:
   232                              <1> ;Input: rax = value to decimalise
   233                              <1> ;       rdi -> Ptr to byte buffer to store string in with commas
   234                              <1> ;       ecx = buffer length
   235                              <1> ;Output: Buffer @ rdi filled in! 
   236                              <1> ;       ecx = Number of chars in buffer.
   237                              <1> ; Warning: If the number of chars in the buffer reaches buffer length,
   238                              <1> ;   we return with CF=CY. Else, CF=NC.
   239 00000CC1 57                  <1>     push rdi
   240 00000CC2 89CE                <1>     mov esi, ecx    
   241 00000CC4 31C9                <1>     xor ecx, ecx    ;Use cl as buffer length ctr, ch as comma ctr
   242 00000CC6 BB0A000000          <1>     mov ebx, 0Ah    ;Divide by 10
   243                              <1> .lp:
   244 00000CCB 80FD03              <1>     cmp ch, 3       ;Are we divisible by 3?
   245 00000CCE 750F                <1>     jne .skipSep
   246 00000CD0 4038CE              <1>     cmp sil, cl
   247 00000CD3 742A                <1>     je .exitErr     ;Before we add a comma, do we have space?
   248                              <1>     ;mov dl, byte [ctryData + countryStruc.thouSep]
   249                              <1>     ;mov byte [rdi], dl
   250 00000CD5 C6072C              <1>     mov byte [rdi], ","
   251 00000CD8 48FFC7              <1>     inc rdi 
   252 00000CDB FEC1                <1>     inc cl          ;Inc number of chars
   253 00000CDD 30ED                <1>     xor ch, ch      ;Reset comma counter
   254                              <1> .skipSep:
   255 00000CDF 4038CE              <1>     cmp sil, cl
   256 00000CE2 741B                <1>     je .exitErr     ;Before we add a digit, do we have space?
   257 00000CE4 31D2                <1>     xor edx, edx
   258 00000CE6 48F7F3              <1>     div rbx         ;Divide rax by 10
   259 00000CE9 80C230              <1>     add dl, "0"     
   260 00000CEC 8817                <1>     mov byte [rdi], dl
   261 00000CEE 48FFC7              <1>     inc rdi
   262 00000CF1 FEC1                <1>     inc cl          ;Inc number of chars
   263 00000CF3 FEC5                <1>     inc ch          ;Inc to keep track of commas
   264 00000CF5 4885C0              <1>     test rax, rax
   265 00000CF8 75D1                <1>     jnz .lp
   266                              <1> ;The test cleared CF if we are here
   267 00000CFA 0FB6C9              <1>     movzx ecx, cl
   268                              <1> .exit:
   269 00000CFD 5F                  <1>     pop rdi
   270                              <1>     return
    13                              <2> %%_ret:
    14 00000CFE C3                  <2>  ret
    15                              <2> %assign retOff %%_ret-$$
   271                              <1> .exitErr:
   272 00000CFF F9                  <1>     stc
   273 00000D00 EBFB                <1>     jmp short .exit
   274                              <1> 
   275                              <1> 
   276                              <1> cleanBuffer:
   277                              <1> ;Cleans the sector buffer
   278 00000D02 488B3D6F020000      <1>     mov rdi, qword [pBuffer]
   279 00000D09 0FB70D8E020000      <1>     movzx ecx, word [sectorSize]
   280 00000D10 31C0                <1>     xor eax, eax
   281 00000D12 F3AA                <1>     rep stosb   ;Clean the Sector buffer
   282                              <1>     return
    13                              <2> %%_ret:
    14 00000D14 C3                  <2>  ret
    15                              <2> %assign retOff %%_ret-$$
   283                              <1> 
   284                              <1> prepPrintVals:
   285                              <1> ;Compute secToWrite and initialise secWritten and secPercent.
   286 00000D15 31C0                <1>     xor eax, eax
   287 00000D17 488905B1020000      <1>     mov qword [secWritten], rax   ;Initialised for when multiple formats
   288 00000D1E C605B2020000FF      <1>     mov byte [secPercent], -1
   289 00000D25 F6055402000001      <1>     test byte [bFlag1], bitQuick  ;If quick set, won't process rest of disk.
   290 00000D2C 750F                <1>     jnz .quick
   291 00000D2E 488B056B020000      <1>     mov rax, qword [numSectors]
   292 00000D35 4889058B020000      <1>     mov qword [secToWrite], rax
   293                              <1>     return
    13                              <2> %%_ret:
    14 00000D3C C3                  <2>  ret
    15                              <2> %assign retOff %%_ret-$$
   294                              <1> .quick:
   295 00000D3D 8B0566020000        <1>     mov eax, dword [fatSize]
   296 00000D43 48D1E0              <1>     shl rax, 1  ;Multiply this value by 2 for two FATs
   297 00000D46 4889057A020000      <1>     mov qword [secToWrite], rax
   298 00000D4D 803D4902000002      <1>     cmp byte [fatType], fs_fat32
   299 00000D54 742A                <1>     je .fat32
   300                              <1> ;Add the sectors for the root directory and single bootsector
   301 00000D56 488B3551020000      <1>     mov rsi, qword [bpbPtr]
   302 00000D5D 0FB74606            <1>     movzx eax, word [rsi + bpb.rootEntCnt]  ;Number of 32 bit entries
   303 00000D61 C1E005              <1>     shl eax, 5  ;Get number of bytes in root dir
   304 00000D64 0FB736              <1>     movzx esi, word [rsi + bpb.bytsPerSec]
   305 00000D67 31D2                <1>     xor edx, edx
   306 00000D69 F7F6                <1>     div esi ;Get number of whole sectors in eax. edx is remainder. 
   307 00000D6B FFC0                <1>     inc eax ;Add one for the bootsector
   308 00000D6D 48010553020000      <1>     add qword [secToWrite], rax ;Add whole sectors and bootsector to count
   309 00000D74 85D2                <1>     test edx, edx   ;If no remainder (should never be a remainder), exit
   310                              <1>     retz
    41                              <2> cret z
    19                              <3> %%_base:
    20                              <3> %assign baseVar %%_base-$$
    21                              <3>  %ifdef retOff
    22                              <3>  %if (baseVar - retOff <= 126) && (baseVar > retOff)
    23                              <3>  %ifdef currSegVBase
    24                              <3>  j%+1 short (retOff+currSegVBase)
    25                              <3>  %else
    26 00000D76 74(3C)              <3>  j%+1 short retOff
    27                              <3>  %endif
    28                              <3>  %else
    29                              <3>  j%-1 short %%a
    30                              <3>  return
    31                              <3> %%a:
    32                              <3>  %endif
    33                              <3>  %else
    34                              <3>  j%-1 short %%a
    35                              <3>  return
    36                              <3> %%a:
    37                              <3>  %endif
   311 00000D78 48FF0548020000      <1>     inc qword [secToWrite]  ;Add one for remainder
   312                              <1>     return
    13                              <2> %%_ret:
    14 00000D7F C3                  <2>  ret
    15                              <2> %assign retOff %%_ret-$$
   313                              <1> .fat32:
   314                              <1> ;Now add dir sectors and two bootsectors and two fsinfo sectors (4)
   315 00000D80 0FB60521020000      <1>     movzx eax, byte [secPerClust]   ;Sectors per cluster (1 cluster for dir)
   316 00000D87 0504000000          <1>     add eax, 4  ;Two BS + 2 FSINFO
   317 00000D8C 48010534020000      <1>     add qword [secToWrite], rax
   318                              <1>     return
    13                              <2> %%_ret:
    14 00000D93 C3                  <2>  ret
    15                              <2> %assign retOff %%_ret-$$
   319                              <1> 
   320                              <1> writeFATStartSig:
   321                              <1> ;Writes the first two cluster blocks with the necessary signature
   322                              <1> ;Input: rdi -> Start of the FAT sector
   323 00000D94 50                  <1>     push rax
   324 00000D95 53                  <1>     push rbx
   325 00000D96 488B1D11020000      <1>     mov rbx, qword [bpbPtr]
   326 00000D9D 0FBE430A            <1>     movsx eax, byte [rbx + bpb.media]   ;Get the media byte, sign extend
   327 00000DA1 803DF501000001      <1>     cmp byte [fatType], fs_fat16
   328 00000DA8 7407                <1>     je .fat16
   329 00000DAA 7709                <1>     ja .fat32
   330                              <1> ;Fat 12 here
   331 00000DAC 25FFFFFF00          <1>     and eax, 00FFFFFFh  ;Save only low three bytes
   332                              <1> .fat16:
   333 00000DB1 8907                <1>     mov dword [rdi], eax
   334 00000DB3 EB0A                <1>     jmp short .exit
   335                              <1> .fat32:
   336 00000DB5 8907                <1>     mov dword [rdi], eax
   337 00000DB7 B8FFFFFFFF          <1>     mov eax, -1
   338 00000DBC 894704              <1>     mov dword [rdi + 4], eax
   339                              <1> .exit:
   340 00000DBF 5B                  <1>     pop rbx
   341 00000DC0 58                  <1>     pop rax
   342                              <1>     return
    13                              <2> %%_ret:
    14 00000DC1 C3                  <2>  ret
    15                              <2> %assign retOff %%_ret-$$
   343                              <1> 
   344                              <1> getVolumeID:
   345                              <1> ;Uses the time to set a volume ID
   346                              <1> ;Output: eax = VolumeID
   347                              <1> ;Preserves rbx!
   348 00000DC2 53                  <1>     push rbx
   349 00000DC3 B8002C0000          <1>     mov eax, 2C00h     ;Get Time in cx:dx
   350 00000DC8 CD21                <1>     int 21h
   351 00000DCA 0FB7DA              <1>     movzx ebx, dx
   352 00000DCD 0FB7C1              <1>     movzx eax, cx
   353 00000DD0 C1E310              <1>     shl ebx, 10h
   354 00000DD3 09D8                <1>     or eax, ebx
   355 00000DD5 5B                  <1>     pop rbx
   356                              <1>     return
    13                              <2> %%_ret:
    14 00000DD6 C3                  <2>  ret
    15                              <2> %assign retOff %%_ret-$$
   357                              <1> 
   358                              <1> computeFAT:
   359                              <1> ;Returns if FAT12/16/32 should be used for volume parameters input.
   360                              <1> ;Output: ecx = 0 => FAT 12, ecx = 1 => FAT 16, ecx = 2 => FAT 32
   361                              <1> ;All other regs preserved
   362 00000DD7 50                  <1>     push rax
   363 00000DD8 52                  <1>     push rdx
   364 00000DD9 57                  <1>     push rdi
   365 00000DDA 488B3DCD010000      <1>     mov rdi, [bpbPtr]   ;Get ptr to the returned bpb
   366                              <1> ;Compute space taken by fats
   367 00000DE1 0FB7470B            <1>     movzx eax, word [rdi + bpb.FATsz16]
   368 00000DE5 0FB64F05            <1>     movzx ecx, byte [rdi + bpb.numFATs]
   369 00000DE9 F7E1                <1>     mul ecx ;Get number of sectors occupied by all the fat copies
   370 00000DEB 66034703            <1>     add ax, word [rdi + bpb.revdSecCnt] ;Add the number of reserved sectors
   371 00000DEF 66034706            <1>     add ax, word [rdi + bpb.rootEntCnt] ;Add the root dir sectors
   372 00000DF3 50                  <1>     push rax    ;Save the non-data space
   373                              <1> ;Get the total number of sectors on the volume in eax
   374 00000DF4 0FB74708            <1>     movzx eax, word [rdi + bpb.totSec16]
   375 00000DF8 8B4F15              <1>     mov ecx, dword [rdi + bpb.totSec32]
   376 00000DFB 85C0                <1>     test eax, eax
   377 00000DFD 0F44C1              <1>     cmovz eax, ecx  ;Move ecx to to eax if eax is zero
   378 00000E00 59                  <1>     pop rcx
   379 00000E01 29C8                <1>     sub eax, ecx    ;Get the data space only in eax.
   380 00000E03 0FB64F02            <1>     movzx ecx, byte [rdi + bpb.secPerClus]
   381 00000E07 85C9                <1>     test ecx, ecx
   382 00000E09 67E31F              <1>     jecxz .err  ;If this is zero, due to malformed field, escape. Use FAT16
   383 00000E0C 31D2                <1>     xor edx, edx
   384 00000E0E F7F1                <1>     div ecx         ;Get number of clusters in eax
   385                              <1> ;Now setup the return value in ecx
   386 00000E10 B902000000          <1>     mov ecx, 2  ;FAT 32 marker
   387 00000E15 3DF5FF0000          <1>     cmp eax, fat16MaxClustCnt
   388 00000E1A 730B                <1>     jae .exit
   389 00000E1C FFC9                <1>     dec ecx     ;FAT 16 marker
   390 00000E1E 3DF50F0000          <1>     cmp eax, fat12MaxClustCnt
   391 00000E23 7302                <1>     jae .exit
   392 00000E25 FFC9                <1>     dec ecx     ;FAT 12 marker
   393                              <1> .exit:
   394 00000E27 5F                  <1>     pop rdi
   395 00000E28 5A                  <1>     pop rdx
   396 00000E29 58                  <1>     pop rax
   397                              <1>     return
    13                              <2> %%_ret:
    14 00000E2A C3                  <2>  ret
    15                              <2> %assign retOff %%_ret-$$
   398                              <1> .err:
   399                              <1> ;To prevent a divide by 0 error!
   400 00000E2B FFC9                <1>     dec ecx
   401 00000E2D EBF8                <1>     jmp short .exit
   402                              <1> 
   403                              <1> computeFATSize:
   404                              <1> ; Reads from the bpb in rdi. Applies the following algorithm
   405                              <1> ; RootDirSectors = ((BPB_RootEntCnt * 32) + (BPB_BytsPerSec – 1)) / BPB_BytsPerSec;
   406                              <1> ; TmpVal1 = DskSize – (BPB_ResvdSecCnt + RootDirSectors);
   407                              <1> ; TmpVal2 = (256 * BPB_SecPerClus) + BPB_NumFATs;
   408                              <1> ; If(FATType == FAT32)
   409                              <1> ;   TmpVal2 = TmpVal2 / 2;
   410                              <1> ; FATSz = (TMPVal1 + (TmpVal2 – 1)) / TmpVal2;
   411                              <1> ;Input:
   412                              <1> ;   rdi = Pointer to the head of the BPB we are using
   413                              <1> ;Returns: 
   414                              <1> ;   eax = Number of sectors per FAT needed. Low word only valid for FAT12/16
   415 00000E2F 53                  <1>     push rbx
   416 00000E30 51                  <1>     push rcx
   417 00000E31 52                  <1>     push rdx
   418 00000E32 57                  <1>     push rdi
   419                              <1>     
   420 00000E33 0FB74706            <1>     movzx eax, word [rdi + bpb.rootEntCnt]
   421 00000E37 C1E005              <1>     shl eax, 5  ;Multiply by 32
   422 00000E3A 0FB71F              <1>     movzx ebx, word [rdi + bpb.bytsPerSec]
   423 00000E3D FFCB                <1>     dec ebx
   424 00000E3F 01D8                <1>     add eax, ebx
   425 00000E41 FFC3                <1>     inc ebx
   426 00000E43 31D2                <1>     xor edx, edx
   427 00000E45 F7F3                <1>     div ebx
   428 00000E47 89C2                <1>     mov edx, eax    ;edx = RootDirSectors
   429                              <1> 
   430 00000E49 0FB74708            <1>     movzx eax, word [rdi + bpb.totSec16]
   431 00000E4D 8B5F15              <1>     mov ebx, dword [rdi + bpb.totSec32]
   432 00000E50 85C0                <1>     test eax, eax   ;If totSec16 is 0, move totSec32 into eax
   433 00000E52 0F44C3              <1>     cmovz eax, ebx
   434 00000E55 0FB75F03            <1>     movzx ebx, word [rdi + bpb.revdSecCnt]
   435 00000E59 01D3                <1>     add ebx, edx    ;Add RootDirSectors
   436 00000E5B 29D8                <1>     sub eax, ebx
   437 00000E5D 89C1                <1>     mov ecx, eax    ;ecx = TmpVal1
   438                              <1> 
   439 00000E5F 0FB64702            <1>     movzx eax, byte [rdi + bpb.secPerClus]
   440 00000E63 C1E008              <1>     shl eax, 8  ;multiply by 256
   441 00000E66 0FB65F05            <1>     movzx ebx, byte [rdi + bpb.numFATs]
   442 00000E6A 01C3                <1>     add ebx, eax    ;ebx = TmpVal2
   443                              <1> 
   444 00000E6C 803D2A01000002      <1>     cmp byte [fatType], fs_fat32
   445 00000E73 7502                <1>     jne .notFat32
   446 00000E75 D1EB                <1>     shr ebx, 1  ;Divide by 2
   447                              <1> .notFat32: 
   448 00000E77 89C8                <1>     mov eax, ecx    ;TmpVal1
   449 00000E79 FFCB                <1>     dec ebx
   450 00000E7B 01D8                <1>     add eax, ebx    ;TmpVal1 + (TmpVal2 - 1)
   451 00000E7D FFC3                <1>     inc ebx
   452 00000E7F 31D2                <1>     xor edx, edx
   453 00000E81 F7F3                <1>     div ebx ;Exit with eax = number of sectors needed per FAT
   454                              <1> .exit:
   455 00000E83 5F                  <1>     pop rdi
   456 00000E84 5A                  <1>     pop rdx
   457 00000E85 59                  <1>     pop rcx
   458 00000E86 5B                  <1>     pop rbx
   459                              <1>     return
    13                              <2> %%_ret:
    14 00000E87 C3                  <2>  ret
    15                              <2> %assign retOff %%_ret-$$
   108                                  %include "./src/fmtExit.asm"
     1                              <1> ;All exits are here, good or bad
     2                              <1> 
     3                              <1> exitOk:
     4 00000E88 488D15C5070000      <1>     lea rdx, crlfStr    ;Print a CRLF on exit!
     5 00000E8F E8A0F8FFFF          <1>     call printString
     6 00000E94 B8004C0000          <1>     mov eax, 4C00h
     7 00000E99 CD21                <1>     int 21h
     8                              <1> exitError:
     9 00000E9B B8044C0000          <1>     mov eax, 4C04h
    10 00000EA0 CD21                <1>     int 21h
    11                              <1> exitNoFormatFixed:
    12 00000EA2 B8054C0000          <1>     mov eax, 4C05h
    13 00000EA7 CD21                <1>     int 21h
    14                              <1> 
    15                              <1> ;----------------------------------------
    16                              <1> ;          Error Exit wrappers          :
    17                              <1> ;----------------------------------------
    18                              <1> ;If we need "Format failed" printed, print before jumping here
    19                              <1> badParamExit:
    20 00000EA9 488D151E050000      <1>     lea rdx, badParamStr
    21 00000EB0 E9A5000000          <1>     jmp badExitCmn
    22                              <1> badBtSctrExit:
    23 00000EB5 E80EF8FFFF          <1>     call restoreBpb     ;Handle BPB driver state restore
    24 00000EBA 488D1500080000      <1>     lea rdx, badFmtFail
    25 00000EC1 E86EF8FFFF          <1>     call printString
    26 00000EC6 488D1512060000      <1>     lea rdx, badBtStrWr 
    27 00000ECD E988000000          <1>     jmp badExitCmn
    28                              <1> badFATExit:
    29 00000ED2 488D15E8070000      <1>     lea rdx, badFmtFail
    30 00000ED9 E856F8FFFF          <1>     call printString
    31 00000EDE 488D1541060000      <1>     lea rdx, badFATWr
    32 00000EE5 EB73                <1>     jmp short badExitCmn
    33                              <1> badDirExit:
    34 00000EE7 488D15D3070000      <1>     lea rdx, badFmtFail
    35 00000EEE E841F8FFFF          <1>     call printString
    36 00000EF3 488D1540060000      <1>     lea rdx, badDirWr
    37 00000EFA EB5E                <1>     jmp short badExitCmn
    38                              <1> badFSINFOExit:
    39 00000EFC 488D15BE070000      <1>     lea rdx, badFmtFail
    40 00000F03 E82CF8FFFF          <1>     call printString
    41 00000F08 488D15E7050000      <1>     lea rdx, badFSInfoWr
    42 00000F0F EB49                <1>     jmp short badExitCmn
    43                              <1> badIOCTLExit:
    44 00000F11 488D15A9070000      <1>     lea rdx, badFmtFail
    45 00000F18 E817F8FFFF          <1>     call printString
    46                              <1> .alt:
    47 00000F1D 488D15EC050000      <1>     lea rdx, badIOCTL
    48 00000F24 EB34                <1>     jmp short badExitCmn
    49                              <1> badVolExit:
    50 00000F26 488D155A050000      <1>     lea rdx, badVolBig
    51 00000F2D EB2B                <1>     jmp short badExitCmn
    52                              <1> badSecSizeExit:
    53 00000F2F 488D156E050000      <1>     lea rdx, badSecSize
    54 00000F36 EB22                <1>     jmp short badExitCmn
    55                              <1> badNetExit:
    56 00000F38 488D15D3040000      <1>     lea rdx, badNetDrv
    57 00000F3F EB19                <1>     jmp short badExitCmn
    58                              <1> badSubstExit:
    59 00000F41 488D15EA040000      <1>     lea rdx, badSubsDrv
    60 00000F48 EB10                <1>     jmp short badExitCmn
    61                              <1> badJoinExit:
    62 00000F4A 488D1501050000      <1>     lea rdx, badJoinDrv
    63 00000F51 EB07                <1>     jmp short badExitCmn
    64                              <1> badExitGen:
    65 00000F53 488D1517050000      <1>     lea rdx, badGeneric
    66                              <1> badExitCmn:
    67                              <1> ;Jumped to with rdx = Error message or 0 if no message
    68 00000F5A E85AF8FFFF          <1>     call dosCrit1Exit   ;Just returns if not in a critical section
    69 00000F5F 4885D2              <1>     test rdx, rdx
    70 00000F62 7405                <1>     jz .noPrint
    71 00000F64 E8CBF7FFFF          <1>     call printString
    72                              <1> .noPrint:
    73 00000F69 E92DFFFFFF          <1>     jmp exitError
   109                                  %include "./dat/fmtData.asm"
     1                              <1> ;Data area here
     2 00000F6E FF                  <1> fmtDrive    db -1       ;Drive we are operating on (0 based)
     3 00000F6F 00                  <1> inCrit      db 0        ;If not 0, in a critical section, must exit
     4 00000F70 0000000000000000    <1> cdsPtr      dq 0        ;CDS ptr here
     5 00000F78 0000000000000000    <1> pBuffer     dq 0        ;Ptr to the buffer area
     6 00000F80 01                  <1> bFlag1      db bitQuick ;HARDCODED TO BE QUICK FORMAT FOR NOW
     7 00000F81 0000000000000000    <1> pBtLdr      dq 0        ;Point to the bootloader to use
     8 00000F89 2F                  <1> bSwitch     db "/"      ;Switch char
     9                              <1> 
    10                              <1> ;Switch vars
    11 00000F8A 0C00                <1> sVolLblLen  db 12, 0    ;Start of the string buffer
    12 00000F8C 202020202020202020- <1> sVolLbl     db 12 dup (SPC) ;Volume label goes here.
    12 00000F95 202020              <1>
    13 00000F98 0000                <1> wGivenTrks  dw 0        ;Tracks per side (1 head as remdev)
    14 00000F9A 00                  <1> bGivenSPT   db 0        ;Sectors per track
    15 00000F9B 00                  <1> bGivenSz    db 0        ;This is an offset into the BPB table if /F set
    16                              <1> 
    17                              <1> ;Format Data here
    18 00000F9C 00                  <1> fixDev      db 0        ;0 = Removable, -1 = Fixed
    19 00000F9D FF                  <1> fatType     db -1       ;0 = FAT12, 1 = FAT16, 2 = FAT32, -1 = No FAT
    20 00000F9E 0002                <1> sectorSize  dw 512      ;Sector size in bytes: HARDCODED BYTES PER SECTOR VALUE
    21 00000FA0 0000000000000000    <1> numSectors  dq 0        ;Number of sectors in volume
    22 00000FA8 00                  <1> secPerClust db 0        ;Copy the sectors per cluster over
    23 00000FA9 00000000            <1> fatSize     dd 0        ;FAT size (number of sectors per FAT)
    24 00000FAD F0                  <1> media       db 0F0h     ;Media type (F0h or F8h)
    25 00000FAE 0000000000000000    <1> bpbPtr      dq 0        ;Pointer to the buffer for the BPB (in IOCTL block)
    26 00000FB6 00                  <1> bpbSize     db 0        ;Size of the BPB
    27 00000FB7 00000000            <1> hiddSector  dd 0        ;Only used for Fixed Disks, offset to add
    28 00000FBB 00000000            <1> f32RootClus dd 0        ;Cluster addr of the root dir cluster if FAT32
    29 00000FBF 00000000            <1> dSerNum     dd 0        ;Serial number
    30 00000FC3 00000000            <1> dBadClust   dd 0        ;Number of bad clusters on disk
    31                              <1> 
    32                              <1> ;Tracking vars, used only for updating the percentage message!
    33 00000FC7 0000000000000000    <1> secToWrite  dq 0        ;Number of sectors to write (neq numSectors if /Q set)
    34 00000FCF 0000000000000000    <1> secWritten  dq 0        ;Number of sectors written so far
    35 00000FD7 FF                  <1> secPercent  db -1       ;The previous percentage (-1 not initialised)
    36                              <1> 
    37                              <1> ;Tables
    38                              <1> ;All data here is RO.
    39                              <1> ;Each row is 5 bytes, {DWORD, BYTE} with DWORD = diskSize, BYTE=secPerClusVal
    40                              <1> ;This table assumes a 512 byte sector (fair assumption) but we do a byte size
    41                              <1> ; comparison in format to eventually allow for other sized sectors
    42                              <1> fat16ClusterTable:
    43 00000FD8 00A04100            <1>     dd 8400*512 ;Disks up to 4.1MB, must use FAT12 with 0.5 K clusters
    44 00000FDC 01                  <1>     db 1    ;ALL FAT12 uses 1, unless it is a preexisting meddesc type medium
    45 00000FDD 0050FF00            <1>     dd 32680*512    ; Disk up to 16MB, 1K clusters
    46 00000FE1 02                  <1>     db 2
    47 00000FE2 00000008            <1>     dd 262144*512   ; Disk up to 128MB, 2K clusters
    48 00000FE6 04                  <1>     db 4
    49 00000FE7 00000010            <1>     dd 524288*512   ; Disk up to 256MB, 4K clusters
    50 00000FEB 08                  <1>     db 8
    51 00000FEC 00000020            <1>     dd 1048576*512  ; Disk up to 512Mb, 8K clusters
    52 00000FF0 10                  <1>     db 16
    53                              <1> 
    54                              <1> ;Here DWORD becomes QWORD
    55                              <1> fat32ClusterTable:
    56 00000FF1 0000000002000000    <1>     dq 16777216*512 ; Disk up to 8GB, 4K clusters
    57 00000FF9 08                  <1>     db 8        
    58 00000FFA 0000000004000000    <1>     dq 33554432*512 ; Disk up to 16GB, 8K clusters
    59 00001002 10                  <1>     db 16
    60 00001003 0000000008000000    <1>     dq 67108864*512 ; Disk up to 32Gb, 16K clusters
    61 0000100B 20                  <1>     db 32
    62 0000100C FFFFFFFFFFFFFFFF    <1>     dq -1       ; Disk up to 2TB, 32K clusters
    63 00001014 40                  <1>     db 64
    64                              <1> 
    65                              <1> ;Bpbs are for remdevs of 160Kb to 2.88Mb capacity.
    66                              <1> ;We have these built-in so that if /F:160 to /F:2.88
    67                              <1> ; is selected, we can format to these standard values. 
    68                              <1> bpbTbl:
    69                              <1> bpb160Kb:
    70                              <1>     istruc bpb  ;160Kb 5.25" floppies
    71 00001015 0002                <1>         at .bytsPerSec, dw 512  ;Bytes per sector
    72 00001017 01                  <1>         at .secPerClus, db 1    ;Sectors per cluster
    73 00001018 0100                <1>         at .revdSecCnt, dw 1    ;Number of reserved sectors, in volume
    74 0000101A 02                  <1>         at .numFATs,    db 2    ;Number of FATs on media
    75 0000101B 4000                <1>         at .rootEntCnt, dw 64   ;Number of 32 byte entries in Root directory
    76 0000101D 4001                <1>         at .totSec16,   dw 320  ;Number of sectors on medium
    77 0000101F FE                  <1>         at .media,      db 0FEh ;Media descriptor byte
    78 00001020 0100                <1>         at .FATsz16,    dw 1    ;Number of sectors per FAT
    79 00001022 0800                <1>         at .secPerTrk,  dw 8    ;Number of sectors per "track"
    80 00001024 0100                <1>         at .numHeads,   dw 1    ;Number of read "heads"
    81 00001026 00000000            <1>         at .hiddSec,    dd 0    ;Number of hidden sectors
    82 0000102A 00000000            <1>         at .totSec32,   dd 0    ;32 bit count of sectors
    83                              <1>     iend
    84                              <1> bpb180Kb:
    85                              <1>     istruc bpb  ;180Kb 5.25" floppies
    86 0000102E 0002                <1>         at .bytsPerSec, dw 512  ;Bytes per sector
    87 00001030 01                  <1>         at .secPerClus, db 1    ;Sectors per cluster
    88 00001031 0100                <1>         at .revdSecCnt, dw 1    ;Number of reserved sectors, in volume
    89 00001033 02                  <1>         at .numFATs,    db 2    ;Number of FATs on media
    90 00001034 4000                <1>         at .rootEntCnt, dw 64   ;Number of 32 byte entries in Root directory
    91 00001036 6801                <1>         at .totSec16,   dw 360  ;Number of sectors on medium
    92 00001038 FC                  <1>         at .media,      db 0FCh ;Media descriptor byte
    93 00001039 0200                <1>         at .FATsz16,    dw 2    ;Number of sectors per FAT
    94 0000103B 0900                <1>         at .secPerTrk,  dw 9    ;Number of sectors per "track"
    95 0000103D 0100                <1>         at .numHeads,   dw 1    ;Number of read "heads"
    96 0000103F 00000000            <1>         at .hiddSec,    dd 0    ;Number of hidden sectors
    97 00001043 00000000            <1>         at .totSec32,   dd 0    ;32 bit count of sectors
    98                              <1>     iend
    99                              <1> bpb320Kb:
   100                              <1>     istruc bpb  ;320Kb 5.25" floppies
   101 00001047 0002                <1>         at .bytsPerSec, dw 512  ;Bytes per sector
   102 00001049 02                  <1>         at .secPerClus, db 2    ;Sectors per cluster
   103 0000104A 0100                <1>         at .revdSecCnt, dw 1    ;Number of reserved sectors, in volume
   104 0000104C 02                  <1>         at .numFATs,    db 2    ;Number of FATs on media
   105 0000104D 7000                <1>         at .rootEntCnt, dw 112  ;Number of 32 byte entries in Root directory
   106 0000104F 8002                <1>         at .totSec16,   dw 640  ;Number of sectors on medium
   107 00001051 FF                  <1>         at .media,      db 0FFh ;Media descriptor byte
   108 00001052 0100                <1>         at .FATsz16,    dw 1    ;Number of sectors per FAT
   109 00001054 0800                <1>         at .secPerTrk,  dw 8    ;Number of sectors per "track"
   110 00001056 0200                <1>         at .numHeads,   dw 2    ;Number of read "heads"
   111 00001058 00000000            <1>         at .hiddSec,    dd 0    ;Number of hidden sectors
   112 0000105C 00000000            <1>         at .totSec32,   dd 0    ;32 bit count of sectors
   113                              <1>     iend
   114                              <1> bpb360Kb:
   115                              <1>     istruc bpb  ;360Kb 5.25" floppies
   116 00001060 0002                <1>         at .bytsPerSec, dw 512  ;Bytes per sector
   117 00001062 02                  <1>         at .secPerClus, db 2    ;Sectors per cluster
   118 00001063 0100                <1>         at .revdSecCnt, dw 1    ;Number of reserved sectors, in volume
   119 00001065 02                  <1>         at .numFATs,    db 2    ;Number of FATs on media
   120 00001066 7000                <1>         at .rootEntCnt, dw 112  ;Number of 32 byte entries in Root directory
   121 00001068 D002                <1>         at .totSec16,   dw 720  ;Number of sectors on medium
   122 0000106A FD                  <1>         at .media,      db 0FDh ;Media descriptor byte
   123 0000106B 0200                <1>         at .FATsz16,    dw 2    ;Number of sectors per FAT
   124 0000106D 0900                <1>         at .secPerTrk,  dw 9    ;Number of sectors per "track"
   125 0000106F 0200                <1>         at .numHeads,   dw 2    ;Number of read "heads"
   126 00001071 00000000            <1>         at .hiddSec,    dd 0    ;Number of hidden sectors
   127 00001075 00000000            <1>         at .totSec32,   dd 0    ;32 bit count of sectors
   128                              <1>     iend
   129                              <1> bpb720Kb:
   130                              <1>     istruc bpb  ;720Kb 3.5" floppies
   131 00001079 0002                <1>         at .bytsPerSec, dw 512  ;Bytes per sector
   132 0000107B 02                  <1>         at .secPerClus, db 2    ;Sectors per cluster
   133 0000107C 0100                <1>         at .revdSecCnt, dw 1    ;Number of reserved sectors, in volume
   134 0000107E 02                  <1>         at .numFATs,    db 2    ;Number of FATs on media
   135 0000107F 7000                <1>         at .rootEntCnt, dw 112  ;Number of 32 byte entries in Root directory
   136 00001081 A005                <1>         at .totSec16,   dw 1440 ;Number of sectors on medium
   137 00001083 F9                  <1>         at .media,      db 0F9h ;Media descriptor byte
   138 00001084 0300                <1>         at .FATsz16,    dw 3    ;Number of sectors per FAT
   139 00001086 0900                <1>         at .secPerTrk,  dw 9    ;Number of sectors per "track"
   140 00001088 0200                <1>         at .numHeads,   dw 2    ;Number of read "heads"
   141 0000108A 00000000            <1>         at .hiddSec,    dd 0    ;Number of hidden sectors
   142 0000108E 00000000            <1>         at .totSec32,   dd 0    ;32 bit count of sectors
   143                              <1>     iend
   144                              <1> bpb120Mb:
   145                              <1>     istruc bpb  ;1.2Mb 5.25" floppies
   146 00001092 0002                <1>         at .bytsPerSec, dw 512  ;Bytes per sector
   147 00001094 01                  <1>         at .secPerClus, db 1    ;Sectors per cluster
   148 00001095 0100                <1>         at .revdSecCnt, dw 1    ;Number of reserved sectors, in volume
   149 00001097 02                  <1>         at .numFATs,    db 2    ;Number of FATs on media
   150 00001098 E000                <1>         at .rootEntCnt, dw 224  ;Number of 32 byte entries in Root directory
   151 0000109A 6009                <1>         at .totSec16,   dw 2400 ;Number of sectors on medium
   152 0000109C F9                  <1>         at .media,      db 0F9h ;Media descriptor byte
   153 0000109D 0700                <1>         at .FATsz16,    dw 7    ;Number of sectors per FAT
   154 0000109F 0F00                <1>         at .secPerTrk,  dw 15   ;Number of sectors per "track"
   155 000010A1 0200                <1>         at .numHeads,   dw 2    ;Number of read "heads"
   156 000010A3 00000000            <1>         at .hiddSec,    dd 0    ;Number of hidden sectors
   157 000010A7 00000000            <1>         at .totSec32,   dd 0    ;32 bit count of sectors
   158                              <1>     iend
   159                              <1> bpb144Mb:
   160                              <1>     istruc bpb  ;1.44Mb 3.5" floppies
   161 000010AB 0002                <1>         at .bytsPerSec, dw 512  ;Bytes per sector
   162 000010AD 01                  <1>         at .secPerClus, db 1    ;Sectors per cluster
   163 000010AE 0100                <1>         at .revdSecCnt, dw 1    ;Number of reserved sectors, in volume
   164 000010B0 02                  <1>         at .numFATs,    db 2    ;Number of FATs on media
   165 000010B1 E000                <1>         at .rootEntCnt, dw 224  ;Number of 32 byte entries in Root directory  
   166 000010B3 400B                <1>         at .totSec16,   dw 2880 ;Number of sectors on medium   
   167 000010B5 F0                  <1>         at .media,      db 0F0h ;Media descriptor byte   
   168 000010B6 0900                <1>         at .FATsz16,    dw 9    ;Number of sectors per FAT
   169 000010B8 1200                <1>         at .secPerTrk,  dw 18   ;Number of sectors per "track" 
   170 000010BA 0200                <1>         at .numHeads,   dw 2    ;Number of read "heads"
   171 000010BC 00000000            <1>         at .hiddSec,    dd 0    ;Number of hidden sectors
   172 000010C0 00000000            <1>         at .totSec32,   dd 0    ;32 bit count of sectors 
   173                              <1>     iend
   174                              <1> bpb288Mb:
   175                              <1>     istruc bpb  ;2.88Mb 3.5" floppies
   176 000010C4 0002                <1>         at .bytsPerSec, dw 512  ;Bytes per sector
   177 000010C6 02                  <1>         at .secPerClus, db 2    ;To be FAT 12 OK, we need 2 sectors/clust
   178 000010C7 0100                <1>         at .revdSecCnt, dw 1    ;Number of reserved sectors, in volume
   179 000010C9 02                  <1>         at .numFATs,    db 2    ;Number of FATs on media
   180 000010CA E000                <1>         at .rootEntCnt, dw 224  ;Number of 32 byte entries in Root directory
   181 000010CC 8016                <1>         at .totSec16,   dw 5760 ;Number of sectors on medium 
   182 000010CE F0                  <1>         at .media,      db 0F0h ;Media descriptor byte 
   183 000010CF 1200                <1>         at .FATsz16,    dw 18   ;Number of sectors per FAT
   184 000010D1 2400                <1>         at .secPerTrk,  dw 36   ;Number of sectors per "track" 
   185 000010D3 0200                <1>         at .numHeads,   dw 2    ;Number of read "heads"
   186 000010D5 00000000            <1>         at .hiddSec,    dd 0    ;Number of hidden sectors
   187 000010D9 00000000            <1>         at .totSec32,   dd 0    ;32 bit count of sectors   
   188                              <1>     iend
   189                              <1> 
   190                              <1> ;Generic BPBs here, fields set to -1 must be edited in the copy made.
   191                              <1> genericBPB12:
   192                              <1>     istruc bpb
   193 000010DD FFFF                <1>         at .bytsPerSec, dw -1   ;512 bytes per sector, normally
   194 000010DF FF                  <1>         at .secPerClus, db -1   ;1 sector per cluster, normally
   195 000010E0 0100                <1>         at .revdSecCnt, dw 1    ;1 Reserved Sector
   196 000010E2 02                  <1>         at .numFATs,    db 2    ;2 FAT tables
   197 000010E3 E000                <1>         at .rootEntCnt, dw 224  ;224 root entries
   198 000010E5 FFFF                <1>         at .totSec16,   dw -1   ;Total number of sectors on disk
   199 000010E7 F0                  <1>         at .media,      db 0F0h ;Media byte
   200 000010E8 FFFF                <1>         at .FATsz16,    dw -1   ;9 FAT sectors, normally
   201 000010EA 1200                <1>         at .secPerTrk,  dw 18   ;18 Sectors per track
   202 000010EC 0200                <1>         at .numHeads,   dw 2    ;2 Heads
   203 000010EE FFFFFFFF            <1>         at .hiddSec,    dd -1   ;No hidden sectors on removable
   204 000010F2 00000000            <1>         at .totSec32,   dd 0    ;16 bit entry suffices
   205                              <1>     iend
   206                              <1>     istruc extBs 
   207 000010F6 FF                  <1>         at .drvNum,     db -1   ;Set to 0 for Remdev, 80h for fixed disk
   208 000010F7 00                  <1>         at .reserved1,  db 00h
   209 000010F8 29                  <1>         at .bootSig,    db extBsSig ;Normal signature
   210 000010F9 FFFFFFFF            <1>         at .volId,      dd -1       ;Set to date/time @ format
   211 000010FD 4E4F204E414D452020- <1>         at .volLab,     db 'NO NAME    '    
   211 00001106 2020                <1>
   212 00001108 4641543132202020    <1>         at .filSysType, db 'FAT12   '
   213                              <1>     iend
   214                              <1> 
   215                              <1> 
   216                              <1> genericBPB16:
   217                              <1>     istruc bpb
   218 00001110 FFFF                <1>         at .bytsPerSec, dw -1   ;512 bytes per sector, normally
   219 00001112 FF                  <1>         at .secPerClus, db -1   ;Sectors per cluster
   220 00001113 0100                <1>         at .revdSecCnt, dw 1    ;1 Reserved Sector
   221 00001115 02                  <1>         at .numFATs,    db 2    ;2 FAT tables
   222 00001116 0002                <1>         at .rootEntCnt, dw 512  ;512 root entries
   223 00001118 FFFF                <1>         at .totSec16,   dw -1   ;Total number of sectors on disk
   224 0000111A F0                  <1>         at .media,      db 0F0h ;Media byte
   225 0000111B FFFF                <1>         at .FATsz16,    dw -1   ;Number of sectors per FAT
   226 0000111D 3F00                <1>         at .secPerTrk,  dw 03Fh ;FAT16 and 32 have Hard disk geometry 
   227 0000111F FF00                <1>         at .numHeads,   dw 0FFh ;255 Heads
   228 00001121 FFFFFFFF            <1>         at .hiddSec,    dd -1   ;No hidden sectors on removable
   229 00001125 00000000            <1>         at .totSec32,   dd 0    ;16 bit entry suffices
   230                              <1>     iend
   231                              <1>     istruc extBs 
   232 00001129 FF                  <1>         at .drvNum,     db -1   ;Set to 0 for Remdev, 80h for fixed disk
   233 0000112A 00                  <1>         at .reserved1,  db 0
   234 0000112B 29                  <1>         at .bootSig,    db extBsSig ;Normal signature
   235 0000112C FFFFFFFF            <1>         at .volId,      dd -1       ;Set to date/time @ format
   236 00001130 4E4F204E414D452020- <1>         at .volLab,     db 'NO NAME    '    
   236 00001139 2020                <1>
   237 0000113B 4641543136202020    <1>         at .filSysType, db 'FAT16   '
   238                              <1>     iend
   239                              <1> gbs_size equ ($ - genericBPB16) + 11
   240                              <1> 
   241                              <1> genericBPB32:
   242                              <1>     istruc bpb32
   243 00001143 FFFF                <1>         at .bytsPerSec, dw -1   ;512 bytes per sector, normally
   244 00001145 FF                  <1>         at .secPerClus, db -1   ;Sectors per cluster
   245 00001146 1000                <1>         at .revdSecCnt, dw 16   ;16 Reserved Sectors
   246 00001148 02                  <1>         at .numFATs,    db 2    ;2 FAT tables
   247 00001149 0000                <1>         at .rootEntCnt, dw 0    ;Invalid field for FAT32
   248 0000114B 0000                <1>         at .totSec16,   dw 0    ;Not a FAT 12/16 BPB
   249 0000114D F0                  <1>         at .media,      db 0F0h ;Media byte
   250 0000114E 0000                <1>         at .FATsz16,    dw 0    ;Not a FAT 12/16 BPB
   251 00001150 3F00                <1>         at .secPerTrk,  dw 03Fh ;FAT16 and 32 have Hard disk geometry 
   252 00001152 FF00                <1>         at .numHeads,   dw 0FFh ;255 Heads
   253 00001154 FFFFFFFF            <1>         at .hiddSec,    dd -1   ;No hidden sectors on removable
   254 00001158 FFFFFFFF            <1>         at .totSec32,   dd -1   ;Total number of sectors on disk
   255                              <1> ;---------------------FAT 32 SPECIFIC FIELDS---------------------
   256 0000115C FFFFFFFF            <1>         at .FATsz32,    dd -1  ;Number of sectors per FAT
   257 00001160 FFFF                <1>         at .extFlags,   dw -1  ;Extended Flags word
   258 00001162 0000                <1>         at .FSver,      dw 0   ;File system version word, must be 0
   259 00001164 FFFFFFFF            <1>         at .RootClus,   dd -1  ;First Cluster of Root Directory
   260 00001168 0100                <1>         at .FSinfo,     dw 1   ;Sector number of FSINFO structure, usually 1
   261 0000116A 0600                <1>         at .BkBootSec,  dw 6   ;Backup Boot sector, either 0 or 6
   262 0000116C 000000000000000000- <1>         at .reserved,   db 12 dup (0) ;Reserved 12 bytes
   262 00001175 000000              <1>
   263                              <1>     iend
   264                              <1>     istruc extBs 
   265 00001178 FF                  <1>         at .drvNum,     db -1   ;Set to 0 for Remdev, 80h for fixed disk
   266 00001179 00                  <1>         at .reserved1,  db 0
   267 0000117A 29                  <1>         at .bootSig,    db extBsSig ;Normal signature
   268 0000117B FFFFFFFF            <1>         at .volId,      dd -1       ;Set to date/time @ format
   269 0000117F 4E4F204E414D452020- <1>         at .volLab,     db 'NO NAME    '    
   269 00001188 2020                <1>
   270 0000118A 4641543332202020    <1>         at .filSysType, db 'FAT32   '
   271                              <1>     iend
   272                              <1> gbs32_size equ ($ - genericBPB32) + 11
   273                              <1> 
   274                              <1> 
   275                              <1> accFlgPkt:
   276                              <1>     istruc accFlgBlk
   277 00001192 00                  <1>         at .bSpecFuncs, db 0
   278 00001193 00                  <1>         at .bAccMode,   db 0    ;If 0, disable access. If -1, enable.
   279                              <1>     iend
   280                              <1> 
   281                              <1> maxTrack equ 63
   282                              <1> ioParams:
   283                              <1>     istruc chsParamsBlock
   284 00001194 04                  <1>     at .bSpecFuncs, db 4    ;Bit 0 = Dont lock bpb. Bit 2 = Sectors same size.
   285 00001195 00                  <1>     at .bDevType,   db 0    ;5 if fixed, 7 otherwise
   286 00001196 0000                <1>     at .wDevFlgs,   dw 0    ;Only bits 0 and 1 are xmitted/read
   287 00001198 3F00                <1>     at .wNumCyl,    dw maxTrack
   288 0000119A 00                  <1>     at .bMedTyp,    db 0    ;Perma 0 for us, meaningless. Reserved.
   289 0000119B 000000000000000000- <1>     at .deviceBPB,  db 53 dup (0)   ;Full length with reserved bytes of BPB32
   289 000011A4 000000000000000000- <1>
   289 000011AD 000000000000000000- <1>
   289 000011B6 000000000000000000- <1>
   289 000011BF 000000000000000000- <1>
   289 000011C8 0000000000000000    <1>
   290 000011D0 0000                <1>     at .TrackLayout,    dw 0    ;Indicate we don't carry a Track Layout table!
   291 000011D2 00<rep FCh>         <1>     iend
   292                              <1> ;Each row is a pair of words:
   293                              <1> ;   dw Sector number, Sector size
   294                              <1>     %push
   295                              <1>         %assign i 1
   296                              <1>             %rep (maxTrack + 1)
   297                              <1>                 dw i, 200h
   298                              <1>             %assign i i+1
   299                              <1>         %endrep
   297 000012CE 01000002            <2>  dw i, 200h
   298                              <2>  %assign i i+1
   297 000012D2 02000002            <2>  dw i, 200h
   298                              <2>  %assign i i+1
   297 000012D6 03000002            <2>  dw i, 200h
   298                              <2>  %assign i i+1
   297 000012DA 04000002            <2>  dw i, 200h
   298                              <2>  %assign i i+1
   297 000012DE 05000002            <2>  dw i, 200h
   298                              <2>  %assign i i+1
   297 000012E2 06000002            <2>  dw i, 200h
   298                              <2>  %assign i i+1
   297 000012E6 07000002            <2>  dw i, 200h
   298                              <2>  %assign i i+1
   297 000012EA 08000002            <2>  dw i, 200h
   298                              <2>  %assign i i+1
   297 000012EE 09000002            <2>  dw i, 200h
   298                              <2>  %assign i i+1
   297 000012F2 0A000002            <2>  dw i, 200h
   298                              <2>  %assign i i+1
   297 000012F6 0B000002            <2>  dw i, 200h
   298                              <2>  %assign i i+1
   297 000012FA 0C000002            <2>  dw i, 200h
   298                              <2>  %assign i i+1
   297 000012FE 0D000002            <2>  dw i, 200h
   298                              <2>  %assign i i+1
   297 00001302 0E000002            <2>  dw i, 200h
   298                              <2>  %assign i i+1
   297 00001306 0F000002            <2>  dw i, 200h
   298                              <2>  %assign i i+1
   297 0000130A 10000002            <2>  dw i, 200h
   298                              <2>  %assign i i+1
   297 0000130E 11000002            <2>  dw i, 200h
   298                              <2>  %assign i i+1
   297 00001312 12000002            <2>  dw i, 200h
   298                              <2>  %assign i i+1
   297 00001316 13000002            <2>  dw i, 200h
   298                              <2>  %assign i i+1
   297 0000131A 14000002            <2>  dw i, 200h
   298                              <2>  %assign i i+1
   297 0000131E 15000002            <2>  dw i, 200h
   298                              <2>  %assign i i+1
   297 00001322 16000002            <2>  dw i, 200h
   298                              <2>  %assign i i+1
   297 00001326 17000002            <2>  dw i, 200h
   298                              <2>  %assign i i+1
   297 0000132A 18000002            <2>  dw i, 200h
   298                              <2>  %assign i i+1
   297 0000132E 19000002            <2>  dw i, 200h
   298                              <2>  %assign i i+1
   297 00001332 1A000002            <2>  dw i, 200h
   298                              <2>  %assign i i+1
   297 00001336 1B000002            <2>  dw i, 200h
   298                              <2>  %assign i i+1
   297 0000133A 1C000002            <2>  dw i, 200h
   298                              <2>  %assign i i+1
   297 0000133E 1D000002            <2>  dw i, 200h
   298                              <2>  %assign i i+1
   297 00001342 1E000002            <2>  dw i, 200h
   298                              <2>  %assign i i+1
   297 00001346 1F000002            <2>  dw i, 200h
   298                              <2>  %assign i i+1
   297 0000134A 20000002            <2>  dw i, 200h
   298                              <2>  %assign i i+1
   297 0000134E 21000002            <2>  dw i, 200h
   298                              <2>  %assign i i+1
   297 00001352 22000002            <2>  dw i, 200h
   298                              <2>  %assign i i+1
   297 00001356 23000002            <2>  dw i, 200h
   298                              <2>  %assign i i+1
   297 0000135A 24000002            <2>  dw i, 200h
   298                              <2>  %assign i i+1
   297 0000135E 25000002            <2>  dw i, 200h
   298                              <2>  %assign i i+1
   297 00001362 26000002            <2>  dw i, 200h
   298                              <2>  %assign i i+1
   297 00001366 27000002            <2>  dw i, 200h
   298                              <2>  %assign i i+1
   297 0000136A 28000002            <2>  dw i, 200h
   298                              <2>  %assign i i+1
   297 0000136E 29000002            <2>  dw i, 200h
   298                              <2>  %assign i i+1
   297 00001372 2A000002            <2>  dw i, 200h
   298                              <2>  %assign i i+1
   297 00001376 2B000002            <2>  dw i, 200h
   298                              <2>  %assign i i+1
   297 0000137A 2C000002            <2>  dw i, 200h
   298                              <2>  %assign i i+1
   297 0000137E 2D000002            <2>  dw i, 200h
   298                              <2>  %assign i i+1
   297 00001382 2E000002            <2>  dw i, 200h
   298                              <2>  %assign i i+1
   297 00001386 2F000002            <2>  dw i, 200h
   298                              <2>  %assign i i+1
   297 0000138A 30000002            <2>  dw i, 200h
   298                              <2>  %assign i i+1
   297 0000138E 31000002            <2>  dw i, 200h
   298                              <2>  %assign i i+1
   297 00001392 32000002            <2>  dw i, 200h
   298                              <2>  %assign i i+1
   297 00001396 33000002            <2>  dw i, 200h
   298                              <2>  %assign i i+1
   297 0000139A 34000002            <2>  dw i, 200h
   298                              <2>  %assign i i+1
   297 0000139E 35000002            <2>  dw i, 200h
   298                              <2>  %assign i i+1
   297 000013A2 36000002            <2>  dw i, 200h
   298                              <2>  %assign i i+1
   297 000013A6 37000002            <2>  dw i, 200h
   298                              <2>  %assign i i+1
   297 000013AA 38000002            <2>  dw i, 200h
   298                              <2>  %assign i i+1
   297 000013AE 39000002            <2>  dw i, 200h
   298                              <2>  %assign i i+1
   297 000013B2 3A000002            <2>  dw i, 200h
   298                              <2>  %assign i i+1
   297 000013B6 3B000002            <2>  dw i, 200h
   298                              <2>  %assign i i+1
   297 000013BA 3C000002            <2>  dw i, 200h
   298                              <2>  %assign i i+1
   297 000013BE 3D000002            <2>  dw i, 200h
   298                              <2>  %assign i i+1
   297 000013C2 3E000002            <2>  dw i, 200h
   298                              <2>  %assign i i+1
   297 000013C6 3F000002            <2>  dw i, 200h
   298                              <2>  %assign i i+1
   297 000013CA 40000002            <2>  dw i, 200h
   298                              <2>  %assign i i+1
   300                              <1>     %pop
   301                              <1> 
   110                                  %include "./dat/fmtStr.asm"
     1                              <1> ;Error Messages go here
     2 000013CE 496E76616C69642070- <1> badParamStr db "Invalid parameter",CR,LF,"$"
     2 000013D7 6172616D657465720D- <1>
     2 000013E0 0A24                <1>
     3 000013E2 496E76616C69642044- <1> badVerStr   db "Invalid DOS Version",CR,LF,"$"
     3 000013EB 4F532056657273696F- <1>
     3 000013F4 6E0D0A24            <1>
     4 000013F8 496E76616C69642044- <1> badDrvLtr   db "Invalid Drive Specified",CR,LF,"$"
     4 00001401 726976652053706563- <1>
     4 0000140A 69666965640D0A24    <1>
     5 00001412 43616E6E6F7420464F- <1> badNetDrv   db "Cannot FORMAT a Network drive",CR,LF,"$"
     5 0000141B 524D41542061204E65- <1>
     5 00001424 74776F726B20647269- <1>
     5 0000142D 76650D0A24          <1>
     6 00001432 43616E6E6F7420464F- <1> badSubsDrv  db "Cannot FORMAT a SUBSTed drive",CR,LF,"$"
     6 0000143B 524D41542061205355- <1>
     6 00001444 425354656420647269- <1>
     6 0000144D 76650D0A24          <1>
     7 00001452 43616E6E6F7420464F- <1> badJoinDrv  db "Cannot FORMAT a JOINed drive",CR,LF,"$"
     7 0000145B 524D41542061204A4F- <1>
     7 00001464 494E65642064726976- <1>
     7 0000146D 650D0A24            <1>
     8 00001471 43616E6E6F7420466F- <1> badGeneric  db "Cannot Format Drive",CR,LF,"$"
     8 0000147A 726D61742044726976- <1>
     8 00001483 650D0A24            <1>
     9                              <1> 
    10 00001487 566F6C756D6520746F- <1> badVolBig   db "Volume too large to format",CR,LF,"$"
    10 00001490 6F206C617267652074- <1>
    10 00001499 6F20666F726D61740D- <1>
    10 000014A2 0A24                <1>
    11 000014A4 496E76616C6964204D- <1> badSecSize  db "Invalid Medium Sector Size",CR,LF,"$"
    11 000014AD 656469756D20536563- <1>
    11 000014B6 746F722053697A650D- <1>
    11 000014BF 0A24                <1>
    12 000014C1 43616E6E6F7420666F- <1> currentFmt  db "Cannot format current drive",CR,LF,"$"
    12 000014CA 726D61742063757272- <1>
    12 000014D3 656E74206472697665- <1>
    12 000014DC 0D0A24              <1>
    13 000014DF 556E61626C6520746F- <1> badBtStrWr  db "Unable to write BOOT",CR,LF,"$"
    13 000014E8 20777269746520424F- <1>
    13 000014F1 4F540D0A24          <1>
    14 000014F6 556E61626C6520746F- <1> badFSInfoWr db "Unable to write FS Info",CR,LF,"$"
    14 000014FF 207772697465204653- <1>
    14 00001508 20496E666F0D0A24    <1>
    15 00001510 4572726F7220696E20- <1> badIOCTL    db "Error in IOCTL call",CR,LF,"$"
    15 00001519 494F43544C2063616C- <1>
    15 00001522 6C0D0A24            <1>
    16 00001526 4572726F7220777269- <1> badFATWr    db "Error writing FAT",CR,LF,"$"
    16 0000152F 74696E67204641540D- <1>
    16 00001538 0A24                <1>
    17 0000153A 4572726F7220777269- <1> badDirWr    db "Error writing directory",CR,LF,"$"
    17 00001543 74696E672064697265- <1>
    17 0000154C 63746F72790D0A24    <1>
    18                              <1> ;Removable device warning message
    19 00001554 496E73657274206E65- <1> fmtRemStr   db "Insert new Media for drive "
    19 0000155D 77204D656469612066- <1>
    19 00001566 6F7220647269766520  <1>
    20 0000156F 233A0D0A616E642073- <1> fmtRemStrL  db "#:",CR,LF,"and strike ENTER when ready$"
    20 00001578 7472696B6520454E54- <1>
    20 00001581 4552207768656E2072- <1>
    20 0000158A 6561647924          <1>
    21                              <1> ;Hard drive warning message
    22 0000158F 0D0A5741524E494E47- <1> fmtHddStr   db CR,LF,"WARNING! ALL DATA ON NON-REMOVABLE DISK",CR,LF, "DRIVE "
    22 00001598 2120414C4C20444154- <1>
    22 000015A1 41204F4E204E4F4E2D- <1>
    22 000015AA 52454D4F5641424C45- <1>
    22 000015B3 204449534B0D0A4452- <1>
    22 000015BC 49564520            <1>
    23 000015C0 233A2057494C4C2042- <1> fmtHddStrL  db "#: WILL BE LOST!",CR,LF,"Proceed with Format (Y/N)? $"
    23 000015C9 45204C4F5354210D0A- <1>
    23 000015D2 50726F636565642077- <1>
    23 000015DB 69746820466F726D61- <1>
    23 000015E4 742028592F4E293F20- <1>
    23 000015ED 24                  <1>
    24                              <1> ;CTRL+C message
    25 000015EE 0D0A41726520796F75- <1> cancel      db CR,LF,"Are you sure you wish to abort formatting drive "
    25 000015F7 207375726520796F75- <1>
    25 00001600 207769736820746F20- <1>
    25 00001609 61626F727420666F72- <1>
    25 00001612 6D617474696E672064- <1>
    25 0000161B 7269766520          <1>
    26 00001620 233F0D0A            <1> cancelL     db "#?", CR,LF
    27 00001624 446F696E6720736F20- <1>             db "Doing so may result in an unusable volume. Y/N?$"
    27 0000162D 6D617920726573756C- <1>
    27 00001636 7420696E20616E2075- <1>
    27 0000163F 6E757361626C652076- <1>
    27 00001648 6F6C756D652E20592F- <1>
    27 00001651 4E3F24              <1>
    28                              <1> 
    29 00001654 0D0A24              <1> crlfStr     db CR,LF,"$"
    30                              <1> 
    31 00001657 466F726D617474696E- <1> fmtMsg      db "Formatting...",CR,LF,"$"
    31 00001660 672E2E2E0D0A24      <1>
    32 00001667 252070657263656E74- <1> fmtPcntMsg  db "% percent formatted...$"
    32 00001670 20666F726D61747465- <1>
    32 00001679 642E2E2E24          <1>
    33                              <1> fmtPcntMsgL equ $ - fmtPcntMsg + 3 ;Add three for the max number of digits
    34                              <1> 
    35 0000167E 466F726D617420616E- <1> againStr    db "Format another (Y/N)? $"
    35 00001687 6F746865722028592F- <1>
    35 00001690 4E293F2024          <1>
    36 00001695 466F726D617420636F- <1> okFormat    db "Format complete",fmtPcntMsgL dup (SPC), CR,LF,"$" 
    36 0000169E 6D706C657465202020- <1>
    36 000016A7 202020202020202020- <1>
    36 000016B0 202020202020202020- <1>
    36 000016B9 20202020200D0A24    <1>
    37 000016C1 466F726D6174206661- <1> badFmtFail  db "Format failure",fmtPcntMsgL dup (SPC), CR,LF,"$"
    37 000016CA 696C75726520202020- <1>
    37 000016D3 202020202020202020- <1>
    37 000016DC 202020202020202020- <1>
    37 000016E5 202020200D0A24      <1>
    38                              <1> 
    39 000016EC 43616C63756C617469- <1> freeSpcStr  db "Calculating free space (this may take several minutes)...",CR,LF,"$"
    39 000016F5 6E6720667265652073- <1>
    39 000016FE 706163652028746869- <1>
    39 00001707 73206D61792074616B- <1>
    39 00001710 65207365766572616C- <1>
    39 00001719 206D696E7574657329- <1>
    39 00001722 2E2E2E0D0A24        <1>
    40 00001728 436F6D706C6574652E- <1> completeStr db "Complete.",CR,LF,"$"
    40 00001731 0D0A24              <1>
    41                              <1> 
    42                              <1> ;Disk stat strings
    43 00001734 20627974657320746F- <1> totalBytesStr       db " bytes total disk space",CR,LF,"$"
    43 0000173D 74616C206469736B20- <1>
    43 00001746 73706163650D0A24    <1>
    44 0000174E 206279746573207573- <1> sysBytesStr         db " bytes used by system",CR,LF,"$"
    44 00001757 656420627920737973- <1>
    44 00001760 74656D0D0A24        <1>
    45 00001766 20627974657320696E- <1> badSectStr          db " bytes in bad sectors",CR,LF,"$"
    45 0000176F 206261642073656374- <1>
    45 00001778 6F72730D0A24        <1>
    46 0000177E 206279746573206176- <1> availableBytesStr   db " bytes available on disk",CR,LF,LF,"$"
    46 00001787 61696C61626C65206F- <1>
    46 00001790 6E206469736B0D0A0A- <1>
    46 00001799 24                  <1>
    47 0000179A 20627974657320696E- <1> clustSzStr          db " bytes in each allocation unit.",CR,LF,"$"
    47 000017A3 206561636820616C6C- <1>
    47 000017AC 6F636174696F6E2075- <1>
    47 000017B5 6E69742E0D0A24      <1>
    48 000017BC 20616C6C6F63617469- <1> totClusStr          db " allocation units available on disk.",CR,LF,LF,"$"
    48 000017C5 6F6E20756E69747320- <1>
    48 000017CE 617661696C61626C65- <1>
    48 000017D7 206F6E206469736B2E- <1>
    48 000017E0 0D0A0A24            <1>
    49 000017E4 566F6C756D65205365- <1> volSerialNumStr     db "Volume Serial Number is $"
    49 000017ED 7269616C204E756D62- <1>
    49 000017F6 65722069732024      <1>
    50                              <1> 
    51                              <1> ;Filename strings
    52 000017FD 583A5C5359532E434F- <1> sSysProg db "X:\SYS.COM",0
    52 00001806 4D00                <1>
    53                              <1> 
    54                              <1> ;Size strings to check for if /F: specified.
    55                              <1> szTbl:
    56 00001808 A000                <1>     dw 160  ;160K
    57 0000180A B400                <1>     dw 180  ;180K
    58 0000180C 4001                <1>     dw 320  ;320K
    59 0000180E 6801                <1>     dw 360  ;360K
    60 00001810 D002                <1>     dw 720  ;720K
    61                              <1> szTblL  equ ($ - szTbl)/2
   111                                  bootloader:
   112                                  ;Symbol pointing to the bootloader
   113                                  ;When building the COM for format, we append the loader binary here
   113          ------------------       info: assembly required 1+3+2 passes
 [--info=1]
